Date;Station ID;Depth ;Salinity;NH4;NO32;Dissolved_Inorganic_(NH4_NO32);Dissolved_Organic_(TDN-DIN);SUM_Total_Dissolved;Particulate_(TN_TDN);Total_N_measured;Particulate_Nitrogen_measured;Total_N_(PN_TDN);Dissolved_Inorganic_P_(DRP);Dissolved_Organic_(TDP_DRP);Total_Dissolved_P_(TDP);Particulate_P_(TP_TDP);Total_P_(TP);;;
2014-11-18;657;2;0;29,3;38,2;67,5;0,5;68,0;0,9;68,9;;;3,3;0,0;3,2;1,1;4,3;;;
2014-11-18;6;2;13;6,1;34,2;40,3;14,7;55,0;-2,1;52,9;;;3,7;-0,3;3,5;0,6;4,1;;;
2014-11-18;13;2;28;3,4;18,6;22,1;11,6;33,6;1,4;35,0;;;3,2;-0,3;2,9;0,8;3,7;;;
2014-11-18;18;2;32;3,2;13,3;16,5;12,4;28,9;-3,1;25,8;;;2,6;0,0;2,6;0,3;2,9;;;
2014-11-18;22;2;31;3,7;14,1;17,8;13,1;30,8;-1,6;29,2;;;3,0;-0,1;2,9;0,3;3,2;;;
2014-11-18;27;2;32;0,3;24,4;24,7;24,3;49,0;0,4;49,3;;;6,8;-0,1;6,7;0,6;7,3;;;
2014-11-18;32;2;32;0,6;28,3;28,9;42,5;71,4;-1,7;69,7;;;10,6;-0,2;10,4;1,5;11,9;;;
2014-11-18;36;2;30;4,4;59,4;63,8;72,5;136,4;2,1;138,5;;;17,1;0,3;17,4;1,7;19,1;;;
2014-12-10;657;2;0;13,1;35,0;48,1;25,4;73,5;;;;;2,5;0,4;2,9;1,7;4,6;;;
2014-12-10;6;2;10;9,4;39,8;49,2;9,7;58,9;1,9;60,8;;;2,7;0,8;3,5;0,6;4,0;;;
2014-12-10;13;2;24;5,8;28,3;34,1;8,4;42,4;1,0;43,4;;;3,2;0,0;3,2;0,5;3,7;;;
2014-12-10;18;2;30;5,6;17,5;23,1;6,9;30,0;-1,6;28,3;;;2,7;0,1;2,9;0,2;3,0;;;
2014-12-10;22;2;30;5,2;18,6;23,8;6,8;30,6;0,1;30,7;;;2,9;0,0;2,9;0,3;3,2;;;
2014-12-10;27;2;31;4,9;35,2;40,1;10,0;50,0;0,1;50,2;;;6,2;0,2;6,3;2,4;8,7;;;
2014-12-10;32;2;30;4,1;50,6;54,8;11,7;66,5;-2,6;63,8;;;7,6;0,1;7,7;1,1;8,8;;;
2014-12-10;36;2;29;5,6;64,3;70,0;15,7;85,7;2,1;87,8;;;9,1;1,0;10,1;0,5;10,5;;;
2015-01-14;18;2;26;5,1;20,2;25,3;7,4;32,8;1,0;33,8;;;2,2;0,1;2,2;0,2;2,5;;;
2015-01-14;22;2;26;7,4;17,6;25,0;13,2;38,2;1,9;40,1;;;2,3;0,1;2,4;0,6;3,0;;;
2015-01-14;32;2;25;11,6;56,9;68,5;21,4;90,0;0,0;90,0;;;6,6;0,7;7,3;0,3;7,6;;;
2015-01-14;36;2;25;11,5;71,4;82,9;7,8;90,7;11,4;102,1;;;7,3;0,7;8,0;0,7;8,8;;;
2015-01-22;657;2;0;27,5;44,8;72,3;17,7;90,0;;;;;3,7;0,3;4,0;0,9;4,9;;;
2015-01-22;6;2;9;11,0;41,6;52,6;14,1;66,8;1,4;68,1;;;3,0;0,1;3,1;0,9;4,0;;;
2015-01-22;13;2;23;7,2;26,1;33,3;7,8;41,1;1,3;42,4;;;2,7;0,0;2,7;0,8;3,5;;;
2015-01-22;18;2;30;3,8;12,3;16,1;5,4;21,4;1,7;23,1;;;1,6;0,2;1,8;0,6;2,4;;;
2015-01-22;22;2;29;5,4;14,8;20,1;6,2;26,3;-1,4;24,9;;;2,0;0,0;2,1;0,5;2,6;;;
2015-01-22;32;2;25;11,9;56,3;68,3;16,0;84,2;1,4;85,7;;;6,5;0,1;6,6;1,2;7,7;;;
2015-01-22;36;2;24;9,3;80,7;90,0;15,7;105,7;18,6;124,2;;;8,1;0,2;8,4;4,7;13,0;;;
2015-02-12;18;2;28;8,6;15,7;24,3;5,5;29,8;1,4;31,3;;;2,1;0,2;2,3;0,3;2,7;;;
2015-02-12;22;2;27;11,2;20,9;32,1;7,5;39,6;1,1;40,7;;;2,9;0,2;3,1;0,4;3,4;;;
2015-02-12;32;2;25;10,4;54,2;64,5;13,3;77,8;-0,7;77,1;;;6,0;0,1;6,1;0,8;6,8;;;
2015-02-12;36;2;24;10,4;61,3;71,6;13,4;85,0;8,6;93,5;;;6,9;0,3;7,2;0,5;7,7;;;
2015-02-18;657;2;0;10,4;29,6;40,0;25,1;65,0;-0,4;64,6;;;2,6;0,5;3,0;1,3;4,4;;;
2015-02-18;6;2;8;12,1;42,6;54,6;13,4;68,0;4,1;72,1;;;2,8;0,3;3,1;1,1;4,2;;;
2015-02-18;13;2;25;7,0;20,3;27,3;6,6;33,9;3,6;37,5;;;2,4;0,0;2,4;0,7;3,1;;;
2015-02-18;18;2;30;4,6;9,4;14,0;5,2;19,2;0,3;19,5;;;1,6;0,0;1,6;0,3;2,0;;;
2015-02-18;22;2;28;6,8;15,1;21,8;7,0;28,8;0,7;29,6;;;2,1;0,1;2,2;0,4;2,6;;;
2015-02-18;27;2;27;10,5;28,3;38,8;7,1;46,0;4,9;50,8;;;4,3;0,0;4,3;0,4;4,7;;;
2015-02-18;32;2;24;8,0;56,5;64,5;11,9;76,4;5,0;81,4;;;6,8;0,0;6,8;0,8;7,7;;;
2015-02-18;34;2;23;10,4;68,6;79,0;14,5;93,5;17,8;111,4;;;7,7;0,0;7,7;3,9;11,6;;;
2015-03-13;18;2;28;3,6;13,6;17,2;13,1;30,3;-4,5;25,8;;;1,9;0,1;2,0;0,3;2,3;;;
2015-03-13;22;2;28;6,2;17,5;23,7;10,9;34,6;-1,4;33,1;;;2,2;0,2;2,4;0,2;2,6;;;
2015-03-13;27;2;27;7,4;30,8;38,2;11,6;49,8;-0,7;49,0;;;4,8;-0,4;4,4;0,5;4,9;;;
2015-03-13;32;2;26;4,5;33,5;38,0;21,8;59,8;-6,1;53,8;;;5,7;0,0;5,6;0,2;5,8;;;
2015-03-13;36;2;25;3,6;48,7;52,3;27,6;80,0;-5,0;75,0;;;6,8;0,2;6,9;0,5;7,4;;;
2015-03-17;657;2;0;21,1;33,7;54,8;17,3;72,1;0,7;72,8;;;2,6;0,8;3,4;0,6;4,0;;;
2015-03-17;6;2;12;6,7;37,1;43,8;19,1;63,0;0,8;63,8;;;2,9;0,0;3,0;0,9;3,8;;;
2015-03-17;13;2;27;3,3;14,5;17,8;10,1;27,8;-0,2;27,6;;;2,1;0,1;2,2;0,2;2,4;;;
2015-03-17;18;2;31;2,8;8,0;10,8;7,3;18,1;-0,9;17,2;;;1,4;0,2;1,5;0,2;1,7;;;
2015-03-17;22;2;30;5,0;12,6;17,6;6,7;24,3;1,1;25,5;;;1,8;-0,1;1,7;0,4;2,1;;;
2015-03-17;27;2;27;5,8;26,6;32,3;13,4;45,8;2,2;48,0;;;4,1;-0,1;4,0;1,3;5,3;;;
2015-03-17;32;2;25;3,6;39,1;42,8;24,5;67,3;-5,5;61,8;;;6,2;0,1;6,3;1,3;7,6;;;
2015-03-17;34;2;24;4,0;64,1;68,1;29,0;97,1;4,3;101,4;;;8,5;0,3;8,7;2,0;10,7;;;
2015-03-27;18;2;28;2,2;12,0;14,2;10,1;24,3;-0,8;23,5;;;2,0;0,2;2,1;0,3;2,4;;;
2015-03-27;22;2;29;4,6;15,3;20,0;9,6;29,6;0,3;29,9;;;2,2;0,3;2,5;0,3;2,7;;;
2015-03-27;27;2;27;3,2;25,2;28,4;12,9;41,3;-2,0;39,3;;;3,7;0,4;4,1;0,0;4,1;;;
2015-03-27;32;2;26;5,1;32,4;37,5;21,3;58,8;1,3;60,0;;;5,8;0,2;6,0;0,6;6,7;;;
2015-03-27;36;2;25;4,8;47,0;51,8;28,1;80,0;4,3;84,2;;;7,5;0,3;7,7;2,3;10,0;;;
2015-04-13;18;2;30;2,8;12,9;15,7;9,4;25,1;2,6;27,7;;;1,9;0,1;2,1;0,6;2,6;;;
2015-04-13;22;2;30;5,5;16,6;22,1;12,4;34,5;-3,7;30,8;;;2,5;0,4;3,0;0,2;3,2;;;
2015-04-13;27;2;29;5,0;23,1;28,1;12,6;40,6;0,9;41,5;;;3,9;0,1;4,0;0,8;4,8;;;
2015-04-13;32;2;27;2,1;29,0;31,1;22,5;53,6;3,5;57,1;;;5,9;-0,6;5,3;1,6;7,0;;;
2015-04-13;36;2;26;2,1;38,9;41,1;24,8;65,8;12,0;77,8;;;7,0;-0,1;6,9;3,1;10,0;;;
2015-04-21;657;2;0;13,6;38,3;51,9;15,1;67,0;1,6;68,6;;;2,7;0,7;3,4;0,9;4,3;;;
2015-04-21;6;2;9;6,5;40,2;46,7;18,7;65,4;0,7;66,1;;;3,4;0,2;3,6;2,1;5,6;;;
2015-04-21;13;2;24;5,6;20,7;26,3;13,7;40,1;1,4;41,5;;;2,9;0,1;3,0;1,2;4,2;;;
2015-04-21;18;2;31;3,4;14,6;18,0;8,2;26,2;1,6;27,8;;;2,0;-0,3;1,7;1,2;2,9;;;
2015-04-21;22;2;29;7,0;13,3;20,3;17,6;37,9;1,4;39,3;;;2,4;0,8;3,2;2,0;5,2;;;
2015-04-21;27;2;28;6,6;26,4;33,0;20,6;53,5;14,1;67,7;;;5,1;-0,2;4,9;4,9;9,8;;;
2015-04-21;32;2;27;4,1;34,5;38,6;25,2;63,8;14,7;78,5;;;6,4;-0,4;6,1;5,4;11,5;;;
2015-04-21;34;2;27;3,9;39,3;43,2;27,1;70,3;14,0;84,2;;;7,0;-1,4;5,6;7,8;13,4;;;
2015-04-27;18;2;31;6,6;15,1;21,7;11,8;33,5;-2,0;31,5;;;2,4;0,1;2,5;0,5;3,0;;;
2015-04-27;22;2;30;8,6;21,2;29,8;15,6;45,3;-0,4;44,9;;;3,5;0,0;3,5;0,6;4,1;;;
2015-04-27;27;2;29;6,4;23,9;30,3;16,2;46,5;3,3;49,8;;;4,3;0,4;4,7;0,8;5,6;;;
2015-04-27;32;2;28;3,7;22,6;26,3;26,7;53,0;2,6;55,6;;;5,4;-0,1;5,3;2,0;7,3;;;
2015-04-27;36;2;27;5,1;39,8;44,9;37,9;82,8;10,0;92,8;;;6,9;1,2;8,0;3,8;11,8;;;
2015-05-19;657;2;0;15,8;34,1;49,9;13,6;63,5;1,2;64,8;;;3,3;0,1;3,5;0,8;4,3;;;
2015-05-19;6;2;10;6,2;37,6;43,8;20,4;64,3;-1,5;62,8;;;3,5;0,3;3,8;0,7;4,6;;;
2015-05-19;13;2;25;6,2;25,9;32,1;16,8;49,0;-3,1;45,8;;;3,0;0,2;3,2;1,0;4,2;;;
2015-05-19;18;2;31;5,6;19,6;25,2;12,6;37,8;-2,6;35,2;;;2,5;0,1;2,6;0,6;3,3;;;
2015-05-19;22;2;30;10,8;21,1;31,8;20,7;52,5;-2,9;49,6;;;3,2;0,7;3,9;1,3;5,2;;;
2015-05-19;27;2;29;5,7;34,2;39,9;17,8;57,7;20,1;77,8;;;6,1;-0,4;5,7;6,8;12,5;;;
2015-05-19;32;2;28;5,4;54,6;60,0;31,3;91,4;25,0;116,4;;;8,5;0,7;9,2;8,4;17,5;;;
2015-05-19;34;2;27;10,2;78,5;88,7;31,9;120,7;54,3;174,9;;;10,6;1,0;11,6;15,7;27,3;;;
2015-05-27;18;2;31;8,2;22,1;30,3;5,3;35,6;-0,6;35,1;;;2,6;0,0;2,6;0,4;3,0;;;
2015-05-27;22;2;31;10,5;24,8;35,4;24,5;59,8;-20,2;39,6;;;3,2;-0,1;3,2;0,3;3,5;;;
2015-05-27;27;2;29;6,9;36,3;43,2;11,6;54,8;2,8;57,6;;;5,4;-0,2;5,3;0,5;5,7;;;
2015-05-27;32;2;29;5,8;45,6;51,4;;;;71,0;;;7,1;0,1;7,2;1,8;9,0;;;
2015-05-27;34;2;29;5,1;52,5;57,5;;;;94,2;;;8,5;-0,1;8,5;3,6;12,0;;;
2015-07-21;6;2;13;2,4;32,5;34,9;8,0;42,9;6,1;49,0;;;3,7;-0,1;3,6;0,8;4,4;;;
2015-07-21;13;2;28;5,2;24,8;30,0;16,6;46,5;-7,7;38,8;;;3,3;0,2;3,5;1,1;4,6;;;
2015-07-21;657;2;0;6,0;29,0;34,9;8,0;42,9;2,8;45,7;;;2,6;0,1;2,7;0,5;3,3;;;
2015-07-23;18;2;32;0,6;;;39,8;39,8;;;;;;;;;;;;
2015-07-23;22;2;32;6,2;21,3;27,5;24,3;51,8;-17,9;33,9;;;2,8;-0,8;2,0;1,1;3,0;;;
2015-07-23;27;2;32;0,5;46,4;46,9;17,0;63,9;0,7;64,6;;;8,2;0,0;8,2;1,8;10,0;;;
2015-07-23;32;2;32;3,0;32,7;35,7;4,5;40,2;21,8;62,0;;;10,8;-1,0;9,8;3,1;12,9;;;
2015-07-23;36;2;29;12,5;62,1;74,6;0,3;75,0;67,1;142,1;;;17,6;6,6;24,2;1,4;25,6;;;
2015-08-21;22;2;32;6,1;17,6;23,8;9,5;33,3;-1,3;32,0;;;3,0;0,2;3,1;0,2;3,4;;;
2015-08-21;27;2;33;1,5;40,9;42,4;18,5;60,8;-1,0;59,8;;;9,4;-0,4;9,0;0,8;9,8;;;
2015-08-21;36;2;29;14,8;136,0;150,9;38,3;189,2;5,0;194,2;;;28,8;0,5;29,3;-0,1;29,3;;;
2015-08-26;6;2;10;0,5;31,8;32,3;13,8;46,1;-5,4;40,8;;;3,9;-0,3;3,6;0,8;4,4;;;
2015-08-26;13;2;27;1,3;22,6;23,9;12,6;36,5;-1,6;34,8;;;3,6;-0,3;3,3;0,6;3,9;;;
2015-08-26;18;2;31;5,8;12,3;18,0;11,2;29,2;-1,4;27,8;;;2,2;0,1;2,3;0,7;3,0;;;
2015-08-26;657;2;0;9,2;24,3;33,5;-17,1;16,4;27,6;44,0;;;3,0;0,1;3,1;0,3;3,4;;;
2015-09-24;6;1;15;1,5;17,1;18,6;29,4;48,0;-2,3;45,7;;;1,9;0,6;2,6;1,9;4,5;;;
2015-09-24;9;1;23;2,4;14,8;17,2;25,0;42,2;-1,6;40,6;;;2,0;0,7;2,7;1,3;4,0;;;
2015-09-24;18;1;33;3,6;6,2;9,9;9,9;19,7;0,5;20,2;;;1,2;-0,2;1,0;1,2;2,2;;;
2015-09-24;22;1;32;3,6;7,7;11,3;14,1;25,3;-0,8;24,6;;;1,5;0,1;1,6;1,4;3,0;;;
2015-09-24;27;1;33;0,4;17,1;17,5;28,1;45,6;0,1;45,8;;;4,0;2,7;6,7;1,9;8,7;;;
2015-09-24;32;1;33;1,6;12,2;13,8;35,7;49,5;6,4;55,9;;;6,3;0,1;6,4;6,4;12,8;;;
2015-09-24;36;1;31;10,4;61,0;71,3;85,7;157,1;17,1;174,2;;;15,5;4,2;19,7;10,9;30,7;;;
2015-09-24;657;1;1;5,8;30,6;36,4;17,2;53,6;3,9;57,5;;;3,2;0,5;3,7;0,5;4,1;;;
2015-10-15;6;1;12;1,6;35,5;37,1;14,5;51,6;6,9;58,5;;;3,8;0,1;3,9;0,2;4,1;;;
2015-10-15;13;1;28;2,1;16,9;19,1;10,1;29,2;-1,6;27,6;;;2,8;0,4;3,2;0,2;3,5;;;
2015-10-15;18;1;32;3,0;12,0;15,0;9,1;24,1;-3,9;20,3;;;2,3;0,3;2,7;0,2;2,8;;;
2015-10-15;22;1;32;3,1;17,1;20,3;12,6;32,9;-3,3;29,6;;;3,8;0,1;3,9;0,2;4,1;;;
2015-10-15;27;1;33;3,0;42,2;45,2;8,0;53,2;-0,1;53,0;;;7,4;1,6;9,0;1,1;10,1;;;
2015-10-15;32;1;33;0,4;41,6;41,9;17,2;59,1;3,0;62,1;;;12,2;-0,6;11,6;2,0;13,6;;;
2015-10-15;36;1;32;2,5;63,3;65,8;26,3;92,1;18,6;110,7;;;16,1;-0,9;15,2;7,1;22,4;;;
2015-10-15;657;1;0;9,1;31,5;40,6;18,0;58,6;2,8;61,4;;;2,9;0,6;3,5;0,3;3,8;;;
2015-11-05;18;1;32;4,4;12,6;17,0;6,4;23,4;-1,1;22,3;;;2,5;0,0;2,5;0,4;2,9;;;
2015-11-05;22;1;31;6,4;15,4;21,8;32,8;54,5;96,1;150,6;;;3,2;0,3;3,5;0,2;3,7;;;
2015-11-05;27;1;33;0,5;39,1;39,6;11,2;50,8;0,1;51,0;;;8,3;-4,3;4,0;4,9;8,9;;;
2015-11-05;30;1;33;2,4;40,3;42,8;13,1;55,9;2,6;58,5;;;9,7;0,8;10,5;-0,1;10,4;;;
2015-11-05;36;1;31;3,2;55,9;59,1;24,4;83,5;5,7;89,2;;;13,4;-0,1;13,3;2,6;15,9;;;
2015-11-18;6;1;28;5,5;36,6;42,1;20,6;62,6;-1,9;60,7;;;3,3;0,5;3,8;0,4;4,2;;;
2015-11-18;13;1;14;4,1;18,3;22,4;7,9;30,3;1,8;32,1;;;3,0;0,1;3,1;0,2;3,3;;;
2015-11-18;657;1;1;12,6;46,2;58,8;16,8;75,7;4,3;80,0;;;3,4;0,2;3,6;0,5;4,0;;;
2015-12-16;6;1;10;9,4;30,2;39,6;73,2;112,8;-17,1;95,7;;;2,3;1,0;3,3;0,7;4,0;;;
2015-12-16;13;1;25;9,0;17,8;26,8;32,3;59,1;-15,2;43,9;;;2,1;0,0;2,1;1,4;3,5;;;
2015-12-16;18;1;31;9,1;12,7;21,8;9,9;31,7;-3,7;28,0;;;2,1;0,1;2,2;0,7;2,9;;;
2015-12-16;22;1;31;10,1;9,1;19,2;32,4;51,6;-9,3;42,3;;;2,0;0,3;2,3;2,1;4,4;;;
2015-12-16;27;1;32;13,1;32,2;45,3;29,7;75,0;-17,2;57,8;;;6,3;-0,1;6,2;0,6;6,8;;;
2015-12-16;32;1;31;11,6;41,0;52,6;43,1;95,7;-11,4;84,2;;;8,3;-0,1;8,2;1,5;9,7;;;
2015-12-16;36;1;30;10,4;55,9;66,3;26,6;92,8;-4,3;88,5;;;9,4;-0,4;9,0;1,6;10,6;;;
2015-12-16;657;1;0;18,6;28,1;46,7;23,9;70,6;5,8;76,4;;;2,4;-0,1;2,3;1,3;3,6;;;
2016-01-21;6;1;5;17,3;44,6;61,9;21,6;83,5;2,1;85,7;;;2,4;-0,3;2,1;1,7;3,8;;;
2016-01-21;13;1;24;11,4;20,7;32,1;37,8;69,9;-21,6;48,3;;;2,1;0,0;2,2;0,7;2,9;;;
2016-01-21;18;1;31;4,6;3,6;8,3;22,3;30,6;9,7;40,3;;;1,0;0,4;1,5;0,4;1,8;;;
2016-01-21;22;1;28;10,9;15,5;26,3;31,3;57,7;-18,4;39,3;;;2,1;-0,1;1,9;0,9;2,8;;;
2016-01-21;27;1;29;13,6;19,1;32,6;53,8;86,4;-25,7;60,7;;;2,8;1,1;3,9;0,9;4,8;;;
2016-01-21;32;1;27;13,1;40,0;53,1;26,8;80,0;10,7;90,7;;;5,5;0,5;5,9;0,9;6,8;;;
2016-01-21;36;1;23;14,9;71,4;86,2;60,8;147,1;-28,6;118,5;;;7,9;-1,1;6,7;3,4;10,1;;;
2016-01-21;649;1;0;15,7;43,8;59,5;21,1;80,7;8,6;89,2;;;2,2;-0,3;1,9;2,3;4,2;;;
2016-02-02;18;1;24;12,4;23,2;35,6;44,4;80,0;-31,6;48,4;;;2,1;0,0;2,1;0,7;2,7;;;
2016-02-02;22;1;24;13,2;23,6;36,8;39,6;76,4;-12,5;63,9;;;2,6;0,4;3,0;0,5;3,4;;;
2016-02-02;27;1;25;14,6;28,8;43,5;34,3;77,8;-20,7;57,1;;;3,2;0,1;3,3;0,4;3,6;;;
2016-02-02;32;1;27;9,1;32,7;41,8;52,4;94,2;-22,8;71,4;;;5,0;-1,2;3,8;3,1;6,9;;;
2016-02-02;36;1;26;9,8;42,0;51,8;43,2;95,0;-10,7;84,2;;;5,6;0,0;5,6;1,6;7,2;;;
2016-02-10;6;1;2;9,6;36,4;46,0;19,1;65,2;7,6;72,8;;;1,9;0,3;2,2;2,3;4,4;;;
2016-02-10;13;1;19;9,1;28,5;37,6;37,3;75,0;-27,6;47,3;;;2,5;-0,1;2,4;0,5;2,8;;;
2016-02-10;657;1;0;11,6;20,3;31,8;30,0;61,8;4,6;66,5;;;1,6;0,7;2,3;1,2;3,5;;;
2016-03-09;6;1;1;13,1;30,0;43,1;13,4;56,5;2,7;59,2;5,1;61,6;2,1;0,0;2,0;1,7;3,7;;;
2016-03-09;13;1;14;8,1;30,4;38,6;32,8;71,4;-17,5;53,9;4,4;75,8;2,4;0,1;2,6;0,4;2,9;;;
2016-03-09;18;1;28;6,9;13,1;19,9;24,6;44,6;-12,4;32,1;5,1;49,7;1,7;0,1;1,8;0,4;2,2;;;
2016-03-09;657;1;0;6,2;13,9;20,1;23,8;43,8;10,6;54,4;6,1;49,9;1,2;0,8;2,0;1,8;3,8;;;
2016-03-16;18;1;19;9,4;21,8;31,3;36,2;67,5;-18,6;48,9;3,4;70,9;2,4;0,1;2,4;0,2;2,6;;;
2016-03-16;22;1;19;9,2;19,1;28,3;37,9;66,2;-9,7;56,5;5,1;71,3;2,2;0,5;2,6;0,1;2,8;;;
2016-03-16;27;1;21;10,3;25,3;35,6;46,5;82,1;-31,1;51,0;7,8;89,9;3,1;-0,4;2,7;0,7;3,5;;;
2016-03-16;32;1;20;10,6;42,1;52,7;61,5;114,2;-27,8;86,4;5,6;119,9;5,8;0,2;6,0;0,3;6,3;;;
2016-03-16;36;1;14;9,1;68,1;77,2;69,9;147,1;41,4;188,5;20,5;167,6;8,1;0,6;8,7;2,2;10,9;;;
2016-04-01;22;1;21;3,0;18,0;21,0;31,6;52,6;-6,4;46,3;4,9;57,5;1,9;0,1;2,0;0,5;2,5;;;
2016-04-01;27;1;20;3,7;24,4;28,1;33,5;61,6;-8,8;52,8;3,6;65,3;3,3;-0,2;3,1;0,2;3,3;;;
2016-04-01;32;1;20;3,3;27,1;30,3;43,9;74,3;-16,8;57,5;10,5;84,7;4,8;0,1;4,9;1,0;5,9;;;
2016-04-01;36;1;16;1,4;132,8;134,2;61,5;195,6;2,9;198,5;21,0;216,6;12,1;0,5;12,6;0,7;13,4;;;
2016-04-15;21;1;25;6,9;12,1;19,1;6,9;26,0;;;6,7;32,7;1,9;-0,1;1,7;0,3;2,0;;;
2016-04-15;22;1;25;3,8;10,5;14,3;9,4;23,6;;;7,7;31,3;1,6;0,4;1,9;0,1;2,0;;;
2016-04-15;27;1;23;1,6;11,9;13,4;10,8;24,2;;;9,4;33,6;2,6;0,1;2,7;0,3;3,0;;;
2016-04-15;32;1;20;4,6;26,3;30,8;15,6;46,5;;;12,4;58,8;6,0;0,2;6,1;-0,1;6,1;;;
2016-04-15;36;1;18;8,4;55,2;63,5;18,6;82,1;;;15,1;97,2;9,6;0,5;10,0;0,3;10,4;;;
2016-04-27;6;1;1;2,3;21,3;23,6;9,1;32,7;;;23,1;55,8;1,8;0,0;1,8;3,3;5,1;;;
2016-04-27;13;1;17;4,6;6,9;11,6;24,6;36,1;-2,4;33,7;;;1,5;1,2;2,7;0,5;3,2;;;
2016-04-27;18;1;27;4,9;8,6;13,5;10,6;24,1;-2,6;21,6;;;1,5;0,1;1,6;0,6;2,2;;;
2016-04-27;22;1;25;6,6;9,3;15,8;9,2;25,1;;;6,7;31,8;2,3;-0,2;2,1;0,7;2,8;;;
2016-04-27;27;1;24;5,8;9,3;15,1;12,3;27,3;;;9,6;37,0;3,8;-1,3;2,6;1,6;4,1;;;
2016-04-27;32;1;22;3,6;9,9;13,5;15,1;28,6;;;13,9;42,5;5,0;-1,9;3,1;3,0;6,1;;;
2016-04-27;36;1;20;5,6;31,6;37,2;19,6;56,8;;;10,6;67,5;8,8;0,8;9,6;-0,3;9,4;;;
2016-04-27;649;1;0;9,1;12,9;22,0;12,9;34,9;;;9,1;44,1;1,4;0,3;1,8;0,8;2,6;;;
2016-05-18;6;1;6;6,5;16,1;22,6;14,1;36,8;;;7,7;44,5;2,4;0,0;2,4;0,4;2,7;;;
2016-05-18;13;1;23;6,0;16,2;22,2;10,6;32,8;-2,2;30,6;;;1,9;0,9;2,8;0,2;3,0;;;
2016-05-18;18;1;31;6,6;14,4;20,9;7,3;28,2;;;6,4;34,6;1,8;0,0;1,8;0,3;2,1;;;
2016-05-18;22;1;28;6,8;15,1;21,8;8,5;30,3;-0,9;29,4;;;2,2;-0,2;2,0;-0,6;1,4;;;
2016-05-18;27;1;26;4,8;17,1;21,8;12,1;34,0;-0,5;33,5;;;3,4;0,3;3,7;0,3;4,1;;;
2016-05-18;32;1;24;4,1;27,1;31,1;16,8;47,9;2,5;50,4;;;7,1;0,7;7,8;-0,1;7,7;;;
2016-05-18;36;1;18;11,4;104,2;115,7;32,1;147,8;;;15,3;163,1;16,6;0,5;17,1;1,6;18,7;;;
2016-05-18;649;1;0;1,5;10,6;12,1;10,8;22,8;;;27,3;50,1;1,2;0,4;1,6;2,6;4,2;;;
2016-06-16;18;1;30;7,0;12,2;19,2;7,4;26,6;;;8,4;35,1;1,9;0,2;2,1;0,2;2,3;;;
2016-06-16;22;1;30;6,9;12,8;19,7;8,0;27,7;;;8,9;36,6;2,2;0,1;2,3;0,2;2,5;;;
2016-06-16;27;1;28;3,6;23,5;27,1;13,3;40,3;;;10,9;51,3;5,3;0,3;5,6;0,3;5,9;;;
2016-06-16;32;1;28;2,4;25,3;27,7;14,2;41,9;;;11,9;53,8;6,3;0,3;6,7;-0,6;6,1;;;
2016-06-16;36;1;26;7,9;41,8;49,6;20,4;70,0;;;10,6;80,7;11,0;1,3;12,3;-0,4;11,9;;;
2016-06-28;6;1;7;4,4;25,7;30,1;15,2;45,3;;;7,1;52,4;2,9;-0,3;2,5;1,0;3,5;;;
2016-06-28;13;1;24;3,6;18,8;22,4;9,5;31,9;;;8,9;40,8;2,8;0,0;2,8;0,4;3,3;;;
2016-06-28;18;1;31;4,0;7,4;11,4;18,1;29,6;;;9,9;39,4;1,4;-0,5;0,9;1,8;2,7;;;
2016-06-28;22;1;30;6,9;16,8;23,7;8,6;32,3;;;9,9;42,2;2,6;0,2;2,8;0,2;3,0;;;
2016-06-28;27;1;30;3,8;15,3;19,1;19,3;38,4;;;11,1;49,5;3,1;0,6;3,7;1,4;5,1;;;
2016-06-28;32;1;28;3,9;19,3;23,1;22,6;45,7;;;11,6;57,3;6,0;0,0;6,0;3,6;9,7;;;
2016-06-28;36;1;27;6,9;19,6;26,6;40,9;67,5;;;24,3;91,7;6,6;5,2;11,8;8,1;19,9;;;
2016-06-28;649;1;1;1,5;15,0;16,5;11,2;27,7;;;11,4;39,1;1,6;0,2;1,8;1,5;3,3;;;
2016-07-14;18;1;31;7,9;13,9;21,8;8,7;30,6;;;9,1;39,6;2,3;0,1;2,5;0,2;2,7;;;
2016-07-14;22;1;30;6,4;15,0;21,4;10,2;31,6;;;8,1;39,7;2,5;0,1;2,6;0,4;3,0;;;
2016-07-14;27;1;30;3,9;22,8;26,7;12,4;39,1;;;5,8;44,9;5,3;-0,1;5,2;0,6;5,7;;;
2016-07-14;32;1;29;2,3;19,8;22,1;19,3;41,5;;;10,9;52,3;6,9;-0,1;6,8;0,5;7,3;;;
2016-07-14;36;1;28;7,6;35,9;43,6;23,8;67,4;;;9,9;77,2;12,7;-1,5;11,2;1,3;12,5;;;
2016-08-18;18;1;31;7,6;14,2;21,8;10,0;31,8;;;5,6;37,3;2,8;-0,2;2,6;0,4;3,0;;;
2016-08-18;22;1;31;7,8;12,5;20,3;13,7;34,0;;;6,9;40,8;2,6;0,4;3,0;0,7;3,7;;;
2016-08-18;27;1;31;2,4;16,9;19,3;15,5;34,8;;;12,6;47,5;6,1;0,4;6,4;2,1;8,6;;;
2016-08-18;32;1;31;1,9;10,9;12,7;16,4;29,1;;;11,9;41,0;7,6;0,5;8,2;-0,3;7,9;;;
2016-08-18;36;1;31;2,7;12,5;15,2;22,8;38,1;;;19,0;57,0;9,2;-1,6;7,6;4,2;11,8;;;
2016-08-24;6;1;8;3,6;20,7;24,3;11,3;35,6;;;6,6;42,3;3,0;0,2;3,1;-0,7;2,4;;;
2016-08-24;13;1;22;5,1;20,2;25,3;11,4;36,7;;;5,1;41,8;3,4;-0,1;3,3;0,5;3,8;;;
2016-08-24;18;1;31;6,9;13,4;20,3;7,9;28,2;;;6,4;34,6;2,3;0,2;2,4;0,4;2,8;;;
2016-08-24;22;1;31;8,3;15,9;24,2;10,1;34,3;;;7,1;41,4;3,1;0,1;3,2;0,5;3,7;;;
2016-08-24;27;1;31;4,1;16,6;20,7;17,2;37,9;;;10,1;48,0;7,1;-0,5;6,7;1,7;8,4;;;
2016-08-24;32;1;31;4,4;12,7;17,1;18,1;35,1;;;11,1;46,3;8,3;-0,1;8,2;0,8;9,0;;;
2016-08-24;36;1;31;7,0;22,2;29,2;23,1;52,3;;;10,9;63,1;11,6;-0,4;11,2;2,0;13,2;;;
2016-08-24;657;1;0;9,9;8,8;18,7;11,9;30,6;;;7,5;38,1;1,9;0,1;2,0;0,4;2,4;;;
2016-09-09;18;2;31;7,0;13,4;20,4;6,1;26,5;;;13,4;39,9;1,6;0,1;1,7;1,4;3,1;;;
2016-09-09;22;2;31;9,4;16,5;25,9;7,7;33,6;;;7,9;41,6;2,5;0,9;3,5;0,1;3,6;;;
2016-09-09;27;2;31;3,6;23,1;26,7;13,1;39,8;;;11,4;51,2;7,0;0,6;7,7;0,4;8,0;;;
2016-09-09;32;2;31;3,0;19,6;22,6;15,3;38,0;;;10,4;48,4;8,8;0,3;9,2;1,0;10,2;;;
2016-09-09;36;2;31;15,1;27,2;42,3;22,5;64,8;;;10,4;75,2;8,6;3,7;12,3;1,1;13,3;;;
2016-09-20;6;2;8;4,4;25,3;29,8;8,6;38,4;;;5,2;43,6;2,9;0,3;3,2;0,6;3,8;;;
2016-09-20;13;2;26;4,2;19,7;23,9;7,4;31,3;;;6,4;37,8;2,8;0,6;3,5;0,3;3,7;;;
2016-09-20;18;2;31;5,1;13,8;18,9;6,5;25,4;;;10,4;35,8;2,3;0,4;2,7;0,4;3,1;;;
2016-09-20;22;2;31;8,9;19,7;28,6;6,2;34,8;;;8,7;43,5;3,5;0,4;3,9;0,4;4,3;;;
2016-09-20;27;2;31;3,7;22,5;26,2;11,8;38,0;;;6,4;44,4;6,4;0,5;6,9;0,2;7,1;;;
2016-09-20;32;2;31;4,6;18,5;23,1;16,1;39,2;;;11,7;50,9;9,1;0,9;10,0;1,1;11,1;;;
2016-09-20;36;2;31;4,9;25,3;30,2;16,9;47,1;;;9,3;56,4;11,3;0,6;11,9;0,8;12,7;;;
2016-09-20;657;2;0;9,1;12,2;21,3;8,4;29,8;;;0,3;30,1;2,2;0,6;2,7;0,7;3,5;;;
2016-10-11;18;2;31;4,0;17,1;21,1;4,6;25,7;;;8,4;34,1;2,2;0,2;2,4;0,1;2,5;;;
2016-10-11;22;2;31;6,4;16,1;22,5;5,9;28,3;;;8,7;37,1;2,2;0,5;2,7;0,3;3,0;;;
2016-10-11;27;2;32;4,6;23,8;28,5;12,4;40,8;;;11,4;52,3;7,0;0,4;7,5;1,0;8,5;;;
2016-10-11;32;2;32;2,3;22,8;25,1;17,6;42,7;;;;;9,4;0,8;10,1;0,1;10,3;;;
2016-10-18;6;2;11;5,7;26,1;31,8;11,5;43,3;;;5,2;48,5;3,1;0,2;3,3;0,4;3,7;;;
2016-10-18;13;2;27;4,4;19,7;24,1;8,3;32,3;;;7,7;40,1;3,1;0,1;3,3;0,6;3,8;;;
2016-10-18;18;2;31;6,6;16,6;23,1;6,6;29,8;;;8,7;38,5;2,6;0,2;2,8;0,2;3,0;;;
2016-10-18;22;2;31;10,4;19,8;30,3;7,3;37,6;;;9,9;47,5;3,7;0,0;3,7;0,4;4,0;;;
2016-10-18;27;2;31;9,9;25,3;35,2;10,3;45,5;;;10,7;56,2;7,7;0,5;8,1;1,2;9,3;;;
2016-10-18;32;2;30;9,0;41,1;50,0;20,1;70,2;;;15,4;85,6;12,4;0,9;13,3;1,9;15,2;;;
2016-10-18;36;2;28;11,3;72,1;83,4;26,6;109,9;;;69,3;179,2;17,0;0,7;17,8;13,7;31,4;;;
2016-10-18;657;2;0;13,8;25,0;38,8;9,2;48,0;;;1,0;49,0;2,6;0,2;2,7;1,1;3,9;;;
2016-11-08;6;2;11;6,4;30,8;37,3;8,9;46,1;;;7,1;53,2;2,9;0,2;3,0;0,5;3,5;;;
2016-11-08;13;2;23;6,3;23,6;29,9;7,6;37,6;;;4,8;42,3;2,9;0,2;3,1;0,0;3,1;;;
2016-11-08;18;2;31;6,9;12,2;19,1;9,1;28,1;;;7,1;35,2;2,2;0,2;2,5;0,0;2,5;;;
2016-11-08;22;2;30;10,9;16,5;27,3;6,4;33,8;;;6,3;40,1;3,0;0,3;3,3;-0,1;3,2;;;
2016-11-08;27;2;31;6,0;34,3;40,3;10,8;51,1;;;6,6;57,7;6,7;0,5;7,2;0,3;7,5;;;
2016-11-08;32;2;31;4,9;42,1;46,9;18,2;65,1;;;7,8;72,9;8,1;0,4;8,5;0,1;8,5;;;
2016-11-08;36;2;29;5,0;64,8;69,8;16,6;86,4;;;8,1;94,5;11,4;-0,9;10,5;1,7;12,2;;;
2016-12-13;6;2;12;11,8;35,2;47,0;14,4;61,3;;;11,2;72,5;3,0;0,2;3,1;1,3;4,4;;;
2016-12-13;13;2;28;6,0;22,6;28,6;7,4;36,1;;;7,4;43,5;2,7;0,2;2,9;0,8;3,7;;;
2016-12-13;18;2;32;3,0;16,3;19,3;4,3;23,6;;;4,7;28,3;1,8;0,2;2,0;0,2;2,2;;;
2016-12-13;22;2;31;5,5;18,9;24,4;5,6;30,0;;;4,7;34,7;2,3;0,0;2,4;0,4;2,7;;;
2016-12-13;27;2;30;6,2;43,1;49,3;12,8;62,0;;;10,2;72,3;6,4;-0,1;6,3;2,2;8,5;;;
2016-12-13;32;2;29;5,1;54,1;59,2;18,6;77,8;;;7,4;85,2;7,7;1,2;8,9;1,3;10,1;;;
2016-12-13;36;2;25;8,9;102,1;111,0;18,9;129,9;;;20,5;150,4;11,7;2,1;13,8;0,1;13,9;;;
2016-12-13;657;2;0;14,6;23,1;37,7;10,0;47,7;;;3,8;51,5;2,2;0,2;2,4;1,0;3,4;;;
2017-01-11;6;2;0;6,2;27,5;33,7;18,6;52,3;;;11,6;63,8;1,6;0,4;2,0;1,6;3,6;;;
2017-01-11;13;2;6;6,7;19,1;25,8;61,3;87,1;;;9,6;96,7;1,3;0,9;2,2;1,4;3,6;;;
2017-01-11;18;2;24;9,5;20,6;30,1;5,6;35,7;;;4,3;40,0;2,2;0,1;2,3;0,2;2,5;;;
2017-01-11;22;2;22;6,3;12,6;18,8;19,7;38,6;;;6,3;44,8;1,6;0,7;2,4;0,3;2,7;;;
2017-01-11;27;2;24;11,1;20,3;31,3;25,1;56,4;;;4,8;61,2;3,4;0,8;4,2;0,5;4,7;;;
2017-01-23;18;2;9;6,2;22,4;28,6;27,3;56,0;;;6,6;62,5;1,6;-0,4;1,2;1,5;2,6;;;
2017-01-23;22;2;13;7,1;23,3;30,4;11,0;41,4;;;5,8;47,2;2,1;0,1;2,1;0,4;2,5;;;
2017-01-23;27;2;15;9,9;25,9;35,8;12,8;48,5;;;4,0;52,5;2,7;-0,2;2,5;0,4;2,9;;;
2017-01-23;32;2;16;11,5;39,9;51,4;13,6;65,0;;;5,1;70,0;4,0;0,1;4,1;0,0;4,1;;;
2017-01-23;36;2;16;10,4;52,2;62,6;38,1;100,7;;;11,4;112,0;4,3;1,2;5,6;0,8;6,4;;;
2017-02-08;6;2;0;4,6;27,6;32,1;14,4;46,5;;;15,7;62,3;1,9;0,2;2,0;0,9;3,0;;;
2017-02-08;13;2;3;7,1;29,2;36,3;38,0;74,3;;;9,6;83,8;2,1;0,2;2,3;1,5;3,7;;;
2017-02-08;18;2;22;5,4;16,6;22,0;7,3;29,3;;;7,1;36,3;1,6;0,0;1,6;0,4;2,0;;;
2017-02-17;27;2;10;8,1;24,3;32,4;12,6;45,0;;;4,8;49,8;2,6;0,0;2,6;0,4;3,0;;;
2017-02-17;32;2;11;7,8;48,5;56,3;12,9;69,3;;;9,6;78,8;4,6;-0,2;4,4;1,4;5,8;;;
2017-02-17;36;2;10;8,4;55,6;64,0;15,3;79,2;;;9,1;88,3;5,0;-0,3;4,7;1,1;5,8;;;
2017-03-07;18;2;9;4,4;21,7;26,1;38,8;64,9;;;4,5;69,4;1,8;-0,9;1,0;1,5;2,4;;;
2017-03-07;22;2;11;5,2;22,9;28,1;11,1;39,3;;;7,8;47,0;2,2;0,2;2,4;0,4;2,7;;;
2017-03-07;27;2;10;1,6;17,5;19,1;29,5;48,5;;;8,7;57,3;1,8;1,1;2,8;1,0;3,8;;;
2017-03-07;32;2;8;7,2;48,2;55,4;66,7;122,1;;;8,1;130,2;4,6;0,0;4,7;0,5;5,2;;;
2017-03-07;36;2;7;8,4;59,0;67,4;57,5;124,9;;;11,1;136,0;5,3;-0,6;4,7;1,8;6,5;;;
2017-03-21;6;2;0;4,4;16,6;21,0;1,8;22,8;;;5,3;28,1;1,5;0,0;1,6;0,8;2,4;;;
2017-03-21;13;2;5;4,5;18,1;22,6;31,8;54,4;;;4,5;58,9;1,7;-0,4;1,3;0,3;1,6;;;
2017-03-21;18;2;16;3,4;17,9;21,3;7,2;28,6;;;6,6;35,1;1,7;0,2;1,9;0,3;2,1;;;
2017-03-21;27;2;15;4,7;30,1;34,8;-5,6;29,3;;;15,3;44,6;2,9;-1,2;1,7;0,8;2,5;;;
2017-03-21;32;2;16;6,0;32,1;38,1;10,4;48,5;;;16,6;65,2;3,6;-0,4;3,2;1,6;4,8;;;
2017-03-21;36;2;19;8,3;27,0;35,3;9,7;45,0;;;7,6;52,5;2,8;-0,5;2,3;1,1;3,5;;;
2017-03-21;657;2;0;4,4;9,9;14,3;5,8;20,1;;;9,6;29,6;1,0;0,2;1,2;1,8;3,0;;;
2017-04-04;18;2;16;4,0;11,8;15,7;17,2;32,9;;;2,4;35,3;1,8;1,1;2,9;-1,0;1,9;;;
2017-04-04;27;2;16;4,7;14,2;18,9;22,5;41,3;;;9,1;50,4;2,5;-0,1;2,4;0,1;2,5;;;
2017-04-04;32;2;14;3,4;29,4;32,9;32,0;64,9;;;15,1;80,0;4,6;-0,5;4,2;0,9;5,0;;;
2017-04-04;36;2;13;4,5;42,4;46,9;49,6;96,5;;;17,1;113,6;4,1;1,2;5,3;1,7;7,0;;;
2017-04-18;6;2;0;3,1;9,9;13,0;7,7;20,7;;;1,7;22,4;1,1;0,1;1,2;0,6;1,8;;;
2017-04-18;13;2;7;4,7;14,1;18,8;8,7;27,5;;;2,2;29,7;1,6;0,0;1,5;0,2;1,8;;;
2017-04-18;18;2;13;4,5;15,7;20,2;13,8;34,0;;;2,9;36,9;1,8;0,1;1,9;0,3;2,1;;;
2017-04-18;27;2;18;1,9;16,8;18,6;15,1;33,7;;;11,8;45,5;2,0;-0,4;1,7;0,4;2,0;;;
2017-04-18;32;2;17;7,2;42,4;49,6;30,5;80,0;;;7,6;87,6;5,1;-1,9;3,2;1,6;4,9;;;
2017-04-18;36;2;17;6,6;55,7;62,3;30,5;92,8;;;7,3;100,1;5,5;-0,7;4,8;0,4;5,3;;;
2017-04-18;657;2;0;2,1;4,9;7,1;8,9;16,0;;;7,1;23,1;1,0;0,2;1,2;0,8;2,0;;;
2017-04-27;18;2;18;5,0;12,4;17,4;9,8;27,2;;;8,1;35,3;1,7;0,0;1,7;1,1;2,8;;;
2017-04-27;27;2;16;3,5;11,6;15,1;21,3;36,3;;;8,8;45,1;3,0;-0,3;2,7;0,5;3,1;;;
2017-04-27;32;2;15;3,7;30,1;33,7;21,4;55,1;;;12,3;67,4;5,4;-1,8;3,6;-0,1;3,5;;;
2017-04-27;36;2;13;4,6;51,3;55,8;30,6;86,4;;;36,7;123,1;6,8;-1,0;5,8;-0,2;5,6;;;
2017-05-17;32;2;17;6,8;23,8;30,7;25,9;56,5;;;8,6;65,1;5,8;-1,6;4,1;2,1;6,2;;;
2017-05-17;36;2;14;7,5;72,1;79,7;35,3;114,9;;;12,8;127,7;10,3;-0,4;9,9;1,7;11,5;;;
2017-06-06;18;2;26;4,8;10,1;14,9;15,6;30,6;;;4,7;35,3;1,4;0,9;2,3;0,2;2,4;;;
2017-06-06;27;2;22;4,0;15,3;19,3;12,2;31,6;;;8,8;40,3;3,0;-0,1;2,9;-0,4;2,4;;;
2017-06-06;32;2;19;3,7;19,1;22,7;19,9;42,6;;;8,3;50,9;5,7;-0,5;5,2;0,6;5,7;;;
2017-06-06;36;2;18;2,6;34,3;36,9;24,3;61,2;;;11,8;73,0;7,7;-0,5;7,2;1,3;8,5;;;
2017-06-22;6;2;2;3,3;14,5;17,8;7,6;25,5;;;6,9;32,4;1,7;0,1;1,8;0,9;2,7;;;
2017-06-22;13;2;19;3,2;18,8;22,0;13,2;35,2;;;6,1;41,3;2,3;-0,3;2,1;0,8;2,9;;;
2017-06-22;18;2;30;1,7;20,3;22,0;7,8;29,8;;;6,9;36,8;1,9;0,2;2,1;0,4;2,5;;;
2017-06-22;27;2;24;1,2;16,9;18,2;11,1;29,3;;;6,5;35,8;3,2;-0,4;2,8;0,7;3,5;;;
2017-06-22;32;2;21;3,8;29,9;33,7;8,4;42,1;;;10,3;52,4;5,8;-0,8;5,0;1,1;6,1;;;
2017-06-22;36;2;20;2,0;38,1;40,0;18,9;58,9;;;17,3;76,2;8,6;-1,3;7,3;1,7;9,0;;;
2017-06-22;657;2;0;10,3;12,8;23,1;7,9;31,0;;;3,3;34,3;1,3;0,3;1,6;0,2;1,8;;;
2017-07-25;6;2;4;4,57;11,99;16,56;10,78;27,34;;;8,50;35,84;1,87;0,06;1,94;0,87;2,81;;;
2017-07-25;13;2;21;7,07;16,99;24,06;6,64;30,70;;;9,50;40,20;2,85;0,09;2,94;1,16;4,10;;;
2017-07-25;18;2;30;7,92;18,06;25,99;4,71;30,70;;;8,07;38,77;2,52;0,03;2,55;0,97;3,52;;;
2017-07-25;27;2;25;11,07;19,63;30,70;12,14;42,84;;;9,57;52,40;6,33;-0,13;6,20;1,52;7,72;;;
2017-07-25;32;2;24;10,35;15,99;26,34;42,19;68,54;;;22,92;91,46;9,40;0,39;9,78;4,91;14,69;;;
2017-07-25;34;2;23;11,14;45,36;56,50;22,03;78,53;;;62,97;141,50;10,30;0,45;10,75;14,17;24,92;;;
2017-07-25;657;2;0;11,42;10,78;22,20;7,50;29,70;;;2,00;31,70;1,81;0,48;2,29;0,16;2,45;;;
2017-07-31;18;2;29;8,28;17,21;25,49;5,21;30,70;;;7,07;37,77;2,45;0,00;2,45;0,16;2,62;;;
2017-07-31;27;2;27;8,78;20,13;28,91;11,07;39,98;;;4,50;44,48;5,68;-1,78;3,91;1,52;5,42;;;
2017-07-31;32;2;25;11,07;25,62;36,68;13,29;49,98;;;4,78;54,76;7,07;-1,68;5,39;3,16;8,56;;;
2017-07-31;36;2;24;11,85;38,10;49,95;18,59;68,54;;;13,35;81,89;10,01;0,26;10,27;1,90;12,17;;;
2017-08-22;6;2;5;3,07;18,13;21,20;10,78;31,98;;;7,78;39,77;2,19;0,29;2,49;0,61;3,10;;;
2017-08-22;13;2;23;6,57;18,63;25,20;7,64;32,84;;;9,50;42,34;2,93;0,17;3,10;0,39;3,49;;;
2017-08-22;18;2;31;8,50;13,99;22,49;5,35;27,84;;;5,28;33,13;2,19;-0,19;2,00;0,42;2,42;;;
2017-08-22;27;2;27;13,28;32,27;45,55;12,99;58,54;;;4,50;63,04;7,30;-0,94;6,36;1,68;8,04;;;
2017-08-22;32;2;26;9,92;54,40;64,33;22,77;87,10;;;13,35;100,45;11,07;0,77;11,85;1,94;13,79;;;
2017-08-22;34;2;24;11,28;82,10;93,38;28,70;122,08;;;35,98;158,07;14,04;0,74;14,79;6,55;21,34;;;
2017-08-22;657;2;0;12,28;9,85;22,13;7,21;29,34;;;1,78;31,13;1,80;0,33;2,13;0,23;2,36;;;
2017-08-30;18;2;30;8,00;15,49;23,49;6,50;29,99;;;9,85;39,84;2,45;0,10;2,55;0,32;2,87;;;
2017-08-30;27;2;28;10,35;32,06;42,41;11,85;54,26;;;5,28;59,54;6,52;0,06;6,59;0,13;6,72;;;
2017-08-30;32;2;27;8,14;37,63;45,77;15,63;61,40;;;6,07;67,47;8,30;-1,03;7,26;2,32;9,59;;;
2017-08-30;36;2;26;9,21;53,05;62,26;21,28;83,53;;;8,78;92,31;11,43;-2,29;9,14;3,62;12,75;;;
2017-09-19;6;2;3;4,78;20,63;25,42;8,00;33,41;;;9,50;42,91;2,50;0,10;2,60;1,55;4,15;;;
2017-09-19;13;2;23;7,85;19,49;27,34;4,78;32,13;;;6,85;38,98;2,94;-0,06;2,88;0,92;3,80;;;
2017-09-19;18;2;31;7,85;11,21;19,06;5,93;24,99;;;7,07;32,06;2,07;0,06;2,13;0,40;2,53;;;
2017-09-19;27;2;28;11,92;40,34;52,26;14,14;66,40;;;7,57;73,96;9,01;0,39;9,39;0,73;10,12;;;
2017-09-19;32;2;27;7,07;54,97;62,04;24,35;86,39;;;19,28;105,66;12,49;0,52;13,02;2,48;15,50;;;
2017-09-19;34;2;24;9,14;92,10;101,24;30,84;132,08;;;49,55;181,63;16,63;0,45;17,07;11,00;28,08;;;
2017-09-19;657;2;0;10,99;10,07;21,06;10,64;31,70;;;2,43;34,13;1,81;0,27;2,07;0,15;2,23;;;
2017-09-28;18;2;28;6,07;17,63;23,70;7,00;30,70;;;7,57;38,27;2,56;-0,34;2,22;0,54;2,76;;;
2017-09-28;27;2;29;9,50;35,63;45,12;13,42;58,54;;;3,43;61,97;6,72;-0,12;6,59;0,72;7,32;;;
2017-09-28;32;2;28;10,21;39,34;49,55;23,27;72,82;;;3,64;76,46;8,81;1,59;10,40;-0,51;9,89;;;
2017-09-28;36;2;27;8,71;61,61;70,32;26,06;96,38;;;6,07;102,45;11,85;0,37;12,22;0,24;12,46;;;
2017-10-18;6;2;8;8,35;21,49;29,84;10,85;40,69;;;2,21;42,91;2,38;0,07;2,45;0,43;2,88;;;
2017-10-18;13;2;26;6,28;20,42;26,70;4,00;30,70;;;3,14;33,84;2,71;-0,01;2,70;0,67;3,37;;;
2017-10-18;18;2;31;4,07;18,13;22,20;4,93;27,13;;;5,14;32,27;2,25;0,05;2,31;0,21;2,52;;;
2017-10-18;27;2;29;11,49;37,98;49,48;12,64;62,11;;;6,57;68,68;7,07;0,27;7,34;0,50;7,85;;;
2017-10-18;32;2;28;12,49;62,68;75,18;21,20;96,38;;;6,35;102,74;11,04;0,77;11,81;-0,19;11,62;;;
2017-10-18;34;2;26;17,78;97,81;115,59;30,06;145,64;;;17,78;163,42;14,50;0,37;14,87;3,50;18,37;;;
2017-10-18;657;2;0;13,42;16,49;29,91;8,07;37,98;;;0,50;38,48;1,93;0,13;2,06;0,21;2,27;;;
2017-10-27;18;2;29;7,64;10,14;17,78;15,06;32,84;;;4,43;37,27;2,27;0,47;2,74;0,23;2,98;;;
2017-10-27;27;2;29;7,64;36,20;43,84;14,71;58,54;;;6,07;64,61;6,42;-0,06;6,36;0,12;6,49;;;
2017-10-27;32;2;28;11,99;52,55;64,54;17,56;82,10;;;3,14;85,24;9,46;0,03;9,49;-0,48;9,00;;;
2017-10-27;36;2;27;11,71;67,97;79,68;20,99;100,67;;;4,85;105,52;11,17;0,75;11,92;-0,11;11,81;;;
2017-11-14;6;2;10;9,85;25,63;35,48;13,78;49,26;;;3,07;52,33;2,28;0,21;2,49;0,36;2,84;;;
2017-11-14;13;2;26;8,78;21,99;30,77;14,92;45,69;;;3,28;48,98;2,77;-0,05;2,71;0,39;3,10;;;
2017-11-14;18;2;31;5,64;18,28;23,92;12,49;36,41;;;5,78;42,19;2,48;0,20;2,68;0,10;2,78;;;
2017-11-14;27;2;29;8,85;36,13;44,98;14,99;59,97;;;5,28;65,25;5,84;0,03;5,88;0,77;6,65;;;
2017-11-14;32;2;29;12,71;51,33;64,04;20,20;84,25;;;8,57;92,81;8,36;0,55;8,91;0,87;9,78;;;
2017-11-14;36;2;27;15,85;78,53;94,38;24,85;119,23;;;19,70;138,93;10,53;1,55;12,07;3,26;15,34;;;
2017-11-14;657;2;0;20,56;26,49;47,05;9,42;56,47;;;2,28;58,76;2,72;0,37;3,10;0,16;3,26;;;
2017-12-06;6;2;9;13,07;31,91;44,98;12,14;57,12;;;2,00;59,11;2,36;0,13;2,49;0,55;3,03;;;
2017-12-06;13;2;25;9,35;21,85;31,20;11,64;42,84;;;4,57;47,41;2,64;0,07;2,71;0,45;3,16;;;
2017-12-06;18;2;30;5,50;17,78;23,27;14,56;37,84;;;4,28;42,12;2,45;0,10;2,55;0,23;2,78;;;
2017-12-06;27;2;29;10,85;44,91;55,76;17,78;73,54;;;13,14;86,67;6,68;0,13;6,81;1,13;7,94;;;
2017-12-06;32;2;27;15,14;77,11;92,24;16,28;108,52;;;14,42;122,94;9,10;0,65;9,75;2,23;11,98;;;
2017-12-06;36;2;25;18,42;106,38;124,80;18,71;143,50;;;62,68;206,19;11,11;0,42;11,53;12,53;24,05;;;
2017-12-06;657;2;0;17,49;25,42;42,91;12,21;55,12;;;4,28;59,40;2,19;0,46;2,65;0,61;3,26;;;
2018-01-10;6;2;9;12,78;33,20;45,98;11,85;57,83;;;11,07;68,90;2,30;0,09;2,39;0,16;2,55;;;
2018-01-10;13;2;21;11,49;28,41;39,91;7,21;47,12;;;3,71;50,83;2,55;0,00;2,55;0,10;2,65;;;
2018-01-10;18;2;29;9,57;22,20;31,77;6,78;38,55;;;4,21;42,77;2,44;0,20;2,65;0,06;2,71;;;
2018-01-10;27;2;28;12,28;46,19;58,47;11,49;69,97;;;7,14;77,11;5,55;0,39;5,94;-0,06;5,88;;;
2018-01-10;32;2;26;12,64;71,18;83,82;12,57;96,38;;;6,43;102,81;7,20;0,58;7,78;0,55;8,33;;;
2018-01-10;36;2;24;13,42;76,39;89,81;20,13;109,95;;;20,20;130,15;6,97;1,00;7,97;2,32;10,30;;;
2018-01-10;657;2;0;29,84;30,84;60,69;2,28;62,97;;;5,64;68,61;2,96;1,27;4,23;-0,29;3,94;;;
2018-02-07;6;2;4;10,42;36,98;47,41;23,70;71,11;;;6,43;77,53;2,37;-0,01;2,36;0,74;3,10;;;
2018-02-07;13;2;21;9,78;29,63;39,41;11,28;50,69;;;4,43;55,12;2,47;-0,08;2,39;0,19;2,58;;;
2018-02-07;18;2;27;7,35;23,13;30,49;5,21;35,70;;;5,93;41,62;2,17;0,12;2,29;0,29;2,58;;;
2018-02-07;27;2;27;11,99;55,19;67,18;9,21;76,39;;;3,21;79,60;5,59;0,19;5,78;0,13;5,91;;;
2018-02-07;32;2;27;13,85;66,61;80,46;13,78;94,24;;;3,93;98,17;6,39;0,16;6,55;1,03;7,59;;;
2018-02-07;36;2;26;12,07;77,11;89,17;13,64;102,81;;;7,43;110,23;6,81;0,71;7,52;0,13;7,65;;;
2018-02-07;657;2;0;15,28;22,85;38,12;14,56;52,69;;;2,50;55,19;2,24;0,18;2,42;0,58;3,00;;;
2018-02-23;18;2;29;4,07;21,63;25,70;5,71;31,41;;;8,85;40,27;2,00;0,19;2,20;0,81;3,00;;;
2018-02-23;27;2;27;10,49;55,54;66,04;13,92;79,96;;;9,14;89,10;5,81;0,61;6,42;0,23;6,65;;;
2018-02-23;32;2;27;7,28;65,97;73,25;10,99;84,25;;;16,28;100,52;6,65;0,42;7,07;2,74;9,81;;;
2018-02-23;36;2;26;6,00;89,24;95,24;19,70;114,94;;;17,71;132,65;8,01;0,29;8,30;1,74;10,04;;;
2018-03-09;18;2;27;5,71;24,63;30,34;5,35;35,70;;;5,71;41,41;2,17;-0,04;2,13;0,61;2,74;;;
2018-03-09;27;2;27;10,64;53,69;64,33;9,92;74,25;;;6,71;80,96;5,55;0,26;5,81;0,00;5,81;;;
2018-03-09;32;2;26;8,50;68,25;76,75;15,35;92,10;;;9,00;101,09;6,23;0,68;6,91;1,19;8,10;;;
2018-03-09;36;2;24;6,85;87,82;94,67;18,85;113,52;;;13,21;126,73;6,84;0,58;7,43;0,71;8,14;;;
2018-03-15;6;2;9;10,28;35,48;45,76;14,21;59,97;;;5,64;65,61;2,47;-0,05;2,42;1,13;3,55;;;
2018-03-15;13;2;25;5,93;24,70;30,63;7,21;37,84;;;2,71;40,55;2,27;0,06;2,32;0,26;2,58;;;
2018-03-15;18;2;30;6,00;18,92;24,92;6,50;31,41;;;8,35;39,77;1,89;0,11;2,00;0,19;2,20;;;
2018-03-15;27;2;28;9,85;40,77;50,62;11,49;62,11;;;5,64;67,75;4,26;0,55;4,81;0,10;4,91;;;
2018-03-15;32;2;25;5,28;68,97;74,25;14,28;88,53;;;11,57;100,09;6,30;0,39;6,68;0,29;6,97;;;
2018-03-15;36;2;21;8,07;132,08;140,15;26,92;167,06;;;29,84;196,91;9,23;0,64;9,87;2,56;12,43;;;
2018-03-15;657;2;0;21,42;23,56;44,98;9,85;54,83;;;4,43;59,26;2,24;0,53;2,78;0,16;2,94;;;
2018-03-26;18;2;23;8,50;21,28;29,77;10,21;39,98;;;3,21;43,19;2,27;0,06;2,32;0,00;2,32;;;
2018-03-26;27;2;27;12,42;38,20;50,62;10,07;60,69;;;2,21;62,90;3,87;0,71;4,58;-0,32;4,26;;;
2018-03-26;32;2;26;5,64;49,90;55,54;13,71;69,25;;;7,85;77,11;5,39;0,39;5,78;-0,16;5,62;;;
2018-03-26;36;2;24;3,00;50,33;53,33;19,49;72,82;;;22,42;95,24;5,91;0,68;6,59;1,39;7,97;;;
2018-04-09;18;2;21;6,50;21,85;28,34;14,49;42,84;;;5,43;48,26;2,10;-0,06;2,03;0,26;2,29;;;
2018-04-09;27;2;24;7,85;30,20;38,05;7,64;45,69;;;10,85;56,54;3,62;-0,55;3,07;0,19;3,26;;;
2018-04-09;32;2;24;5,71;19,28;24,99;15,71;40,69;;;24,63;65,33;4,20;0,06;4,26;1,49;5,75;;;
2018-04-09;36;2;22;2,43;25,06;27,49;18,21;45,69;;;21,70;67,40;5,00;0,00;5,00;1,61;6,62;;;
2018-04-18;6;2;0;4,85;16,92;21,78;10,49;32,27;;;4,21;36,48;2,13;-0,36;1,78;1,16;2,94;;;
2018-04-18;13;2;11;4,14;17,56;21,70;10,42;32,13;;;10,35;42,48;1,80;0,07;1,87;1,29;3,16;;;
2018-04-18;18;2;24;3,93;18,28;22,20;4,93;27,13;;;5,93;33,06;2,04;-0,27;1,78;0,26;2,03;;;
2018-04-18;27;2;23;2,28;15,35;17,63;10,92;28,56;;;11,57;40,12;3,18;0,12;3,29;0,74;4,04;;;
2018-04-18;32;2;23;0,79;3,36;4,14;16,56;20,70;;;31,77;52,47;4,20;0,19;4,39;2,52;6,91;;;
2018-04-18;34;2;21;1,07;6,78;7,85;17,85;25,70;;;64,04;89,74;5,39;0,03;5,42;7,81;13,24;;;
2018-04-18;657;2;0;9,57;14,21;23,77;9,92;33,70;;;2,21;35,91;1,98;0,12;2,10;0,45;2,55;;;
2018-05-07;6;2;1;4,21;18,35;22,56;27,06;49,62;;;16,78;66,40;2,28;-0,08;2,20;3,03;5,23;;;
2018-05-07;13;2;14;5,57;19,49;25,06;15,64;40,69;;;;;2,66;-0,34;2,32;-0,61;1,71;;;
2018-05-07;18;2;25;3,86;15,71;19,56;8,28;27,84;;;9,64;37,48;2,03;0,03;2,07;0,29;2,36;;;
2018-05-07;27;2;24;5,57;6,21;11,78;10,35;22,13;;;7,43;29,56;3,71;0,13;3,84;0,19;4,04;;;
2018-05-07;32;2;23;2,43;4,85;7,28;14,85;22,13;;;8,35;30,49;4,75;-0,06;4,68;0,45;5,13;;;
2018-05-07;36;2;22;9,21;18,35;27,56;-9,71;17,85;;;10,14;27,99;7,30;0,71;8,01;0,77;8,78;;;
2018-05-07;657;2;0;20,63;12,14;32,77;-0,86;31,91;;;2,50;34,41;2,40;0,22;2,62;0,23;2,84;;;
2018-05-17;18;2;28;4,57;16,85;21,42;5,71;27,13;;;11,85;38,98;2,36;-0,13;2,23;0,90;3,13;;;
2018-05-17;27;2;25;8,14;12,57;20,70;10,71;31,41;;;9,35;40,77;5,49;-0,77;4,71;1,00;5,71;;;
2018-05-17;32;2;23;7,78;24,85;32,63;18,06;50,69;;;10,57;61,26;7,26;0,42;7,68;0,74;8,43;;;
2018-05-17;36;2;22;12,49;54,97;67,47;10,35;77,82;;;44,34;122,16;11,07;-0,03;11,04;6,36;17,40;;;
2018-06-06;18;2;28;3,78;20,49;24,27;5,71;29,99;;;10,35;40,34;2,47;-0,12;2,36;0,48;2,84;;;
2018-06-06;27;2;27;5,85;19,42;25,27;11,14;36,41;;;11,07;47,48;5,04;-0,16;4,88;0,32;5,20;;;
2018-06-06;32;2;25;5,00;22,35;27,34;14,78;42,12;;;10,57;52,69;6,84;-0,10;6,75;0,74;7,49;;;
2018-06-06;36;2;24;12,42;42,91;55,33;23,92;79,25;;;10,57;89,81;10,20;0,52;10,72;0,55;11,27;;;
2018-06-11;6;2;6;5,71;45,48;51,19;9,28;60,47;;;11,07;71,54;3,13;-0,42;2,71;0,84;3,55;;;
2018-06-11;13;2;23;3,57;22,28;25,84;9,85;35,70;;;10,14;45,84;2,98;-0,20;2,78;0,29;3,07;;;
2018-06-11;18;2;31;3,00;24,20;27,20;4,21;31,41;;;10,85;42,27;2,58;-0,13;2,45;0,39;2,84;;;
2018-06-11;27;2;28;5,28;20,49;25,77;14,21;39,98;;;11,07;51,05;5,75;-0,16;5,59;0,71;6,30;;;
2018-06-11;32;2;25;9,92;48,41;58,33;22,35;80,68;;;13,07;93,74;10,07;0,19;10,27;1,49;11,75;;;
2018-06-11;34;2;23;14,71;77,82;92,53;28,84;121,37;;;36,70;158,07;13,08;0,68;13,75;5,26;19,02;;;
2018-06-11;657;2;0;18,85;18,06;36,91;5,50;42,41;;;2,00;44,41;2,56;0,25;2,81;0,13;2,94;;;
2018-07-12;6;2;8;2,93;27,77;30,70;8,57;39,27;;;3,86;43,12;2,90;0,04;2,94;0,68;3,62;;;
2018-07-12;13;2;25;3,86;20,85;24,70;6,71;31,41;;;6,21;37,62;3,13;-0,07;3,07;2,03;5,10;;;
2018-07-12;18;2;32;10,35;15,71;26,06;2,50;28,56;;;6,21;34,77;2,45;0,52;2,97;2,74;5,71;;;
2018-07-12;27;2;30;7,64;21,42;29,06;11,64;40,69;;;7,85;48,55;7,01;-0,90;6,10;6,04;12,14;;;
2018-07-12;32;2;27;13,21;40,98;54,19;20,06;74,25;;;12,99;87,24;12,24;-0,19;12,04;-6,55;5,49;;;
2018-07-12;34;2;24;22,77;71,39;94,17;35,77;129,94;;;42,91;172,85;14,27;2,36;16,63;0,26;16,89;;;
2018-07-12;657;2;0;11,78;16,63;28,41;2,64;31,06;;;;;2,19;0,86;3,04;-0,28;2,77;;;
2018-07-20;18;2;31;9,64;15,35;24,99;3,57;28,56;;;9,07;37,62;2,65;0,03;2,68;2,68;5,36;;;
2018-07-20;27;2;30;11,57;28,70;40,27;6,14;46,41;;;5,64;52,05;6,44;-0,50;5,94;-2,65;3,29;;;
2018-07-20;32;2;29;9,50;24,77;34,27;13,56;47,83;;;7,35;55,19;8,56;-0,84;7,72;1,45;9,17;;;
2018-07-20;36;2;28;15,06;29,06;44,12;15,85;59,97;;;9,57;69,54;10,98;-0,23;10,75;1,29;12,04;;;
2018-08-03;18;2;30;9,57;17,49;27,06;12,21;39,27;;;4,07;43,34;2,97;0,03;3,00;6,04;9,04;;;
2018-08-03;27;2;30;10,00;24,63;34,63;8,92;43,55;;;7,57;51,12;7,51;-0,66;6,84;-0,94;5,91;;;
2018-08-03;32;2;30;5,28;16,21;21,49;14,21;35,70;;;4,43;40,12;8,36;-0,23;8,14;11,85;19,98;;;
2018-08-03;36;2;28;15,42;34,70;50,12;23,42;73,54;;;7,85;81,39;13,85;-0,42;13,43;-0,36;13,08;;;
2018-08-14;6;2;8;3,43;21,49;24,92;9,35;34,27;;;9,57;43,84;2,94;-0,07;2,87;1,74;4,62;;;
2018-08-14;13;2;25;6,93;22,92;29,84;6,57;36,41;;;6,93;43,34;3,55;-0,48;3,07;2,16;5,23;;;
2018-08-14;18;2;31;5,57;20,70;26,27;5,14;31,41;;;11,78;43,19;2,91;-0,04;2,87;3,52;6,39;;;
2018-08-14;27;2;30;8,57;25,13;33,70;11,99;45,69;;;23,77;69,47;7,43;-1,19;6,23;1,16;7,39;;;
2018-08-14;32;2;30;5,93;16,78;22,70;16,56;39,27;;;11,28;50,55;9,07;2,58;11,66;0,13;11,78;;;
2018-08-14;36;2;30;16,28;42,41;58,69;31,27;89,96;;;8,35;98,31;13,56;-0,77;12,79;3,49;16,27;;;
2018-08-14;657;2;0;10,00;10,42;20,42;4,43;24,85;;;;;2,39;0,71;3,10;-0,39;2,71;;;
2018-09-18;6;2;11;4,85;24,70;29,56;7,57;37,13;;;1,71;38,84;3,26;-0,10;3,16;0,55;3,71;;;
2018-09-18;13;2;27;5,00;21,63;26,63;6,93;33,56;;;5,93;39,48;2,94;0,26;3,20;0,45;3,65;;;
2018-09-18;18;2;31;7,35;18,13;25,49;5,21;30,70;;;4,93;35,63;2,53;0,31;2,84;0,45;3,29;;;
2018-09-18;27;2;31;10,92;27,06;37,98;6,28;44,26;;;4,64;48,91;6,97;0,29;7,26;0,94;8,20;;;
2018-09-18;32;2;31;7,07;30,13;37,20;14,92;52,12;;;7,14;59,26;10,27;-0,06;10,20;2,68;12,88;;;
2018-09-18;36;2;29;15,64;57,76;73,39;24,42;97,81;;;18,92;116,73;13,40;2,49;15,88;5,10;20,99;;;
2018-09-18;657;2;0;13,21;11,85;25,06;4,21;29,27;;;;29,27;3,04;1,16;4,20;-0,97;3,23;;;
2018-10-17;6;2;14;7,28;22,92;30,20;8,35;38,55;;;2,43;40,98;3,39;-0,32;3,07;0,42;3,49;;;
2018-10-17;13;2;28;3,43;18,21;21,63;6,21;27,84;;;3,21;31,06;2,85;0,02;2,87;1,03;3,91;;;
2018-10-17;18;2;31;6,07;15,35;21,42;4,28;25,70;;;2,71;28,41;2,35;-0,03;2,32;0,32;2,65;;;
2018-10-17;27;2;31;0,79;36,91;37,70;10,14;47,83;;;2,43;50,26;7,30;1,00;8,30;0,13;8,43;;;
2018-10-17;32;2;31;5,21;32,06;37,27;17,71;54,97;;;3,43;58,40;10,23;0,48;10,72;0,45;11,17;;;
2018-10-17;36;2;30;11,35;60,47;71,82;20,28;92,10;;;9,35;101,45;12,69;1,65;14,33;1,84;16,17;;;
2018-10-17;657;2;0;13,56;24,70;38,27;8,50;46,76;;;;46,76;3,11;0,61;3,71;0,03;3,75;;;
2018-10-26;18;2;31;6,71;13,21;19,92;4,36;24,27;;;3,21;27,49;2,34;-0,08;2,26;0,45;2,71;;;
2018-10-26;27;2;31;1,57;37,70;39,27;11,42;50,69;;;4,64;55,33;7,30;0,77;8,07;0,45;8,52;;;
2018-10-26;32;2;31;3,93;37,20;41,12;15,99;57,12;;;6,85;63,97;8,94;1,16;10,11;1,87;11,98;;;
2018-10-26;36;2;30;8,14;58,47;66,61;17,63;84,25;;;11,07;95,31;11,66;0,90;12,56;4,55;17,11;;;
2018-11-15;13;2;27;5,28;21,42;26,70;5,43;32,13;;;2,21;34,34;2,88;-0,11;2,78;0,84;3,62;;;
2018-11-15;18;2;32;4,50;18,28;22,77;6,50;29,27;;;3,71;32,98;2,37;0,15;2,52;0,13;2,65;;;
2018-11-15;27;2;31;;39,62;39,62;12,49;52,12;;;4,14;56,26;7,04;0,29;7,33;1,03;8,36;;;
2018-11-15;32;2;31;1,43;53,97;55,40;15,28;70,68;;;2,71;73,39;10,30;0,32;10,62;0,65;11,27;;;
2018-11-15;36;2;30;6,21;79,25;85,46;21,63;107,09;;;4,64;111,73;13,30;0,26;13,56;1,61;15,17;;;
2018-12-05;6;2;10;12,14;30,20;42,34;9,07;51,40;;;6,07;57,47;2,93;-0,15;2,78;1,74;4,52;;;
2018-12-05;13;2;29;8,35;19,06;27,42;4,00;31,41;;;3,71;35,13;2,45;0,00;2,45;0,68;3,13;;;
2018-12-05;18;2;32;4,57;10,00;14,56;4,00;18,56;;;5,14;23,70;1,59;-0,04;1,55;0,29;1,84;;;
2018-12-05;27;2;31;;45,34;45,34;11,78;57,12;;;7,14;64,25;6,62;0,36;6,97;1,87;8,85;;;
2018-12-05;32;2;29;4,93;64,97;69,90;12,21;82,10;;;11,57;93,67;9,36;0,00;9,36;4,00;13,37;;;
2018-12-05;36;2;26;13,07;92,81;105,88;21,20;127,08;;;32,91;159,99;12,30;-0,13;12,17;10,88;23,05;;;
2018-12-05;657;2;0;15,28;30,84;46,12;12,49;58,61;;;2,93;61,54;3,02;1,44;4,46;0,13;4,58;;;
2018-12-14;18;2;30;8,07;17,42;25,49;5,21;30,70;;;1,71;32,41;2,48;-0,09;2,39;0,19;2,58;;;
2018-12-14;27;2;31;3,86;50,76;54,62;10,35;64,97;;;2,00;66,97;7,30;0,23;7,52;0,77;8,30;;;
2018-12-14;32;2;29;5,71;64,83;70,54;18,71;89,24;;;4,93;94,17;8,88;0,23;9,10;2,32;11,43;;;
2018-12-14;36;2;28;8,35;83,53;91,88;17,35;109,23;;;7,14;116,37;10,62;-0,42;10,20;2,29;12,49;;;
2019-01-30;18;2;26;11,78;23,35;35,13;-20,56;14,56;;;6,57;21,13;2,48;0,20;2,68;-0,10;2,58;;;
2019-01-30;27;2;25;18,35;38,27;56,62;-15,92;40,69;;;5,64;46,33;3,84;-0,13;3,71;0,74;4,46;;;
2019-01-30;32;2;27;15,92;51,12;67,04;-14,92;52,12;;;5,14;57,26;5,59;-0,77;4,81;0,74;5,55;;;
2019-01-30;36;2;26;14,92;76,39;91,31;-18,49;72,82;;;9,50;82,32;7,26;-0,45;6,81;1,23;8,04;;;
2019-02-20;6;2;0;4,21;26,70;30,91;12,85;43,76;;;17,35;61,11;1,96;0,85;2,81;4,33;7,14;;;
2019-02-20;13;2;5;7,14;30,56;37,70;15,06;52,76;;;7,85;60,61;2,47;0,21;2,68;2,23;4,91;;;
2019-02-20;18;2;21;9,35;24,42;33,77;-8,07;25,70;;;4,14;29,84;2,51;0,20;2,71;0,10;2,81;;;
2019-02-20;27;2;22;16,85;43,12;59,97;-10,71;49,26;;;9,50;58,76;4,13;-0,26;3,87;1,23;5,10;;;
2019-02-20;32;2;16;11,28;61,83;73,11;8,28;81,39;;;17,56;98,95;5,62;-0,36;5,26;3,10;8,36;;;
2019-02-20;34;2;13;12,28;73,54;85,82;11,99;97,81;;;42,77;140,58;5,68;-0,36;5,33;11,53;16,85;;;
2019-02-20;657;2;0;4,21;21,06;25,27;9,78;35,05;;;10,99;46,05;1,96;0,95;2,91;2,94;5,84;;;
2019-03-14;18;2;10;6,57;19,21;25,77;4,93;30,70;;;3,43;34,13;2,19;0,46;2,65;-0,03;2,62;;;
2019-03-14;27;2;15;9,57;26,84;36,41;3,57;39,98;;;12,21;52,19;2,65;0,06;2,71;0,61;3,33;;;
2019-03-14;32;2;15;5,35;51,19;56,54;10,57;67,11;;;16,63;83,75;4,81;-0,42;4,39;1,00;5,39;;;
2019-03-14;36;2;13;7,43;79,96;87,39;8,28;95,67;;;16,85;112,52;6,36;0,36;6,72;0,74;7,46;;;
2019-03-20;6;2;0;3,36;20,49;23,85;9,57;33,41;;;8,57;41,98;1,83;0,56;2,39;1,07;3,45;;;
2019-03-20;13;2;8;6,14;18,06;24,20;6,50;30,70;;;4,43;35,13;2,14;0,67;2,81;-0,16;2,65;;;
2019-03-20;18;2;22;8,28;12,64;20,92;-11,14;9,78;;;8,28;18,06;1,70;0,17;1,87;0,19;2,07;;;
2019-03-20;27;2;15;10,71;28,20;38,91;1,78;40,69;;;6,35;47,05;2,94;0,09;3,03;0,32;3,36;;;
2019-03-20;32;2;12;3,07;62,47;65,54;10,85;76,39;;;11,71;88,10;6,33;-0,58;5,75;1,55;7,30;;;
2019-03-20;34;2;11;4,71;83,53;88,24;13,14;101,38;;;42,05;143,43;7,07;-0,06;7,01;7,72;14,72;;;
2019-03-20;657;2;15;3,00;12,49;15,49;7,50;22,99;;;6,14;29,13;1,80;1,37;3,16;0,61;3,78;;;
2019-03-28;18;2;18;4,36;14,28;18,63;1,36;19,99;;;4,14;24,13;1,89;0,24;2,13;0,29;2,42;;;
2019-03-28;27;2;17;6,85;21,06;27,92;-5,78;22,13;;;5,64;27,77;2,62;0,22;2,84;-0,03;2,81;;;
2019-03-28;32;2;15;7,07;34,27;41,34;8,64;49,98;;;6,14;56,12;4,00;-0,19;3,81;0,55;4,36;;;
2019-03-28;36;2;14;7,85;42,98;50,83;6,28;57,12;;;6,35;63,47;4,84;-0,16;4,68;0,77;5,46;;;
2019-04-18;18;2;21;2,86;13,78;16,63;1,93;18,56;;;7,50;26,06;2,05;-0,47;1,58;0,58;2,16;;;
2019-04-18;27;2;18;1,50;4,14;5,64;5,07;10,71;;;11,57;22,28;1,54;0,17;1,71;0,90;2,62;;;
2019-04-18;32;2;16;2,00;6,64;8,64;10,64;19,28;;;15,28;34,55;4,81;-1,07;3,75;0,87;4,62;;;
2019-04-18;36;2;15;2,07;27,92;29,99;13,56;43,55;;;20,06;63,61;8,49;-2,39;6,10;2,45;8,56;;;
2019-04-25;6;2;0;2,43;10,78;13,21;6,14;19,35;;;7,28;26,63;1,76;0,25;2,00;0,45;2,45;;;
2019-04-25;13;2;7;4,07;14,71;18,78;0,93;19,70;;;7,78;27,49;1,88;0,26;2,13;0,39;2,52;;;
2019-04-25;18;2;19;1,43;13,07;14,49;2,64;17,13;;;8,00;25,13;2,03;-0,35;1,68;0,32;2,00;;;
2019-04-25;27;2;18;0,50;0,80;1,30;7,27;8,57;;;14,56;23,13;1,84;0,20;2,03;0,87;2,91;;;
2019-04-25;32;2;16;2,43;13,85;16,28;15,85;32,13;;;13,78;45,91;5,10;0,52;5,62;0,87;6,49;;;
2019-04-25;36;2;15;6,71;36,84;43,55;14,28;57,83;;;11,57;69,40;7,85;1,39;9,23;0,32;9,56;;;
2019-04-25;657;2;0;7,21;4,21;11,42;9,35;20,78;;;5,78;26,56;0,94;0,87;1,81;0,55;2,36;;;
2019-05-14;6;2;0;3,21;13,56;16,78;5,78;22,56;;;8,78;31,34;1,94;-0,13;1,81;0,84;2,65;;;
2019-05-14;13;2;14;5,21;10,64;15,85;3,43;19,28;;;6,78;26,06;2,48;-0,48;2,00;0,48;2,49;;;
2019-05-14;18;2;27;6,14;7,35;13,49;0,07;13,56;;;8,78;22,35;1,75;-0,30;1,45;0,32;1,78;;;
2019-05-14;27;2;21;5,78;5,35;11,14;2,43;13,56;;;10,99;24,56;3,05;-0,11;2,94;0,74;3,68;;;
2019-05-14;32;2;18;8,14;11,99;20,13;11,28;31,41;;;8,50;39,91;6,36;0,42;6,78;1,03;7,81;;;
2019-05-14;36;2;16;10,92;56,54;67,47;17,49;84,96;;;38,77;123,73;15,79;-3,58;12,20;9,65;21,86;;;
2019-05-14;657;2;0;10,64;4,28;14,92;11,78;26,70;;;3,36;30,06;1,20;0,47;1,68;0,13;1,81;;;
2019-05-28;18;2;27;5,64;11,28;16,92;0,93;17,85;;;5,50;23,35;2,34;-0,46;1,87;0,36;2,23;;;
2019-05-28;27;2;21;10,00;15,28;25,27;3,28;28,56;;;9,50;38,05;4,58;0,13;4,71;0,19;4,91;;;
2019-05-28;32;2;18;8,92;29,56;38,48;10,07;48,55;;;10,78;59,33;6,88;-0,39;6,49;1,68;8,17;;;
2019-05-28;36;2;16;10,49;56,76;67,25;16,99;84,25;;;7,71;91,96;12,17;-2,26;9,91;0,94;10,85;;;
2019-06-04;6;2;0;5,64;13,14;18,78;4,78;23,56;;;4,50;28,06;1,53;0,40;1,94;0,61;2,55;;;
2019-06-04;13;2;9;5,78;15,28;21,06;2,50;23,56;;;8,00;31,56;2,10;0,03;2,13;1,23;3,36;;;
2019-06-04;18;2;24;6,14;14,49;20,63;-0,64;19,99;;;6,50;26,49;2,34;-0,47;1,87;0,58;2,45;;;
2019-06-04;27;2;20;10,28;22,70;32,98;6,28;39,27;;;9,00;48,26;5,91;0,84;6,75;0,52;7,26;;;
2019-06-04;32;2;18;8,42;59,69;68,11;14,71;82,82;;;26,34;109,16;12,30;-1,71;10,59;4,62;15,21;;;
2019-06-04;34;2;16;7,78;93,53;101,31;19,35;120,66;;;97,10;217,75;16,79;-3,65;13,14;22,37;35,51;;;
2019-06-04;657;2;0;6,14;5,14;11,28;10,64;21,92;;;1,43;23,35;1,33;1,26;2,58;-0,23;2,36;;;
2019-06-25;18;2;23;4,64;12,99;17,63;1,64;19,28;;;10,00;29,27;2,52;-0,71;1,81;0,71;2,52;;;
2019-06-25;27;2;22;3,86;18,56;22,42;6,14;28,56;;;9,50;38,05;6,10;-0,65;5,46;0,71;6,17;;;
2019-06-25;32;2;21;6,78;21,28;28,06;14,06;42,12;;;8,78;50,90;10,40;-1,26;9,14;0,29;9,43;;;
2019-06-25;36;2;20;9,92;45,26;55,19;13,35;68,54;;;8,21;76,75;16,92;-4,39;12,53;1,45;13,98;;;
2019-07-01;6;2;2;3,36;15,06;18,42;2,93;21,35;;;8,50;29,84;1,98;0,15;2,13;0,84;2,97;;;
2019-07-01;13;2;19;4,28;12,35;16,63;1,93;18,56;;;7,78;26,34;2,78;-0,62;2,16;0,84;3,00;;;
2019-07-01;18;2;27;5,35;8,85;14,21;0,07;14,28;;;10,28;24,56;2,14;0,03;2,16;0,06;2,23;;;
2019-07-01;27;2;22;4,00;16,71;20,70;8,57;29,27;;;8,50;37,77;7,17;0,36;7,52;0,32;7,85;;;
2019-07-01;32;2;20;4,43;54,62;59,04;22,35;81,39;;;15,06;96,45;19,63;-5,39;14,24;2,45;16,69;;;
2019-07-01;34;2;18;7,71;117,09;124,80;34,41;159,21;;;31,34;190,55;24,70;-4,36;20,34;5,88;26,22;;;
2019-07-01;657;2;0;19,42;8,42;27,84;7,71;35,55;;;3,36;38,91;3,33;-0,87;2,45;0,06;2,52;;;
2019-07-24;18;2;28;5,71;16,35;22,06;-0,64;21,42;;;7,28;28,70;3,05;-0,24;2,81;0,10;2,91;;;
2019-07-24;27;2;26;4,93;15,35;20,28;6,35;26,63;;;6,00;32,63;5,62;-0,06;5,55;0,48;6,04;;;
2019-07-24;32;2;24;9,42;21,28;30,70;11,42;42,12;;;9,78;51,90;14,11;-4,04;10,07;1,03;11,11;;;
2019-07-24;36;2;22;14,35;50,55;64,90;16,49;81,39;;;8,92;90,31;16,66;-2,65;14,01;1,49;15,50;;;
2019-08-01;6;2;5;1,0;13,1;14,1;7,2;21,3;;;7,7;29,0;2,1;-0,4;1,6;0,9;2,6;;;
2019-08-01;13;2;21;4,0;13,4;17,5;6,1;23,6;;;10,9;34,4;3,0;-0,1;2,9;1,1;4,0;;;
2019-08-01;18;2;29;5,1;9,1;14,2;5,7;20,0;;;7,4;27,4;2,3;-0,4;1,9;0,8;2,7;;;
2019-08-01;27;2;25;7,4;12,2;19,6;11,8;31,4;;;4,6;36,0;7,7;-0,5;7,2;1,3;8,5;;;
2019-08-01;32;2;23;8,7;41,7;50,4;20,3;70,7;;;13,9;84,6;14,6;-1,7;12,9;2,8;15,7;;;
2019-08-01;34;2;21;13,3;83,5;96,8;31,7;128,5;;;109,9;238,5;18,2;-0,7;17,6;28,0;45,5;;;
2019-08-01;657;2;0;6,1;10,6;16,8;6,6;23,3;;;4,1;27,4;2,4;0,0;2,4;0,2;2,6;;;
2019-08-22;18;2;28;6,7;13,8;20,5;3,8;24,3;;;12,3;36,6;2,8;-0,2;2,6;0,3;2,9;;;
2019-08-22;27;2;28;10,7;19,7;30,4;7,4;37,8;;;7,4;45,3;7,1;-1,2;5,9;0,6;6,5;;;
2019-08-22;32;2;26;8,7;22,5;31,1;16,0;47,1;;;10,1;57,3;10,6;-1,4;9,1;1,4;10,5;;;
2019-08-22;36;2;25;14,7;40,6;55,3;21,1;76,4;;;8,6;85,0;13,8;-0,3;13,5;0,4;13,9;;;
2019-09-18;6;2;2;3,4;18,1;21,4;8,9;30,3;;;6,4;36,7;2,4;0,5;2,9;0,2;3,1;;;
2019-09-18;13;2;20;7,1;16,6;23,8;4,8;28,6;;;7,1;35,6;3,2;-0,1;3,1;0,1;3,3;;;
2019-09-18;18;2;28;4,6;15,3;20,0;4,3;24,3;;;10,5;34,8;2,5;0,0;2,5;0,6;3,1;;;
2019-09-18;27;2;30;12,5;24,3;36,8;7,5;44,3;;;4,6;48,9;6,7;0,3;7,0;0,5;7,5;;;
2019-09-18;32;2;28;12,6;36,2;48,8;14,1;62,8;;;7,4;70,2;10,3;1,3;11,6;-0,3;11,3;;;
2019-09-18;34;2;27;16,7;50,0;66,7;21,8;88,5;;;19,6;108,1;12,5;0,8;13,3;2,6;15,9;;;
2019-09-18;657;2;0;11,6;10,1;21,8;8,3;30,1;;;2,2;32,3;2,0;0,4;2,5;0,0;2,4;;;
2019-10-23;6;2;8;6,2;22,1;28,3;3,1;31,4;;;3,9;35,3;2,4;0,1;2,6;0,5;3,1;;;
2019-10-23;13;2;25;5,3;16,3;21,6;4,1;25,7;;;11,0;36,7;2,6;0,1;2,8;0,3;3,1;;;
2019-10-23;18;2;31;4,9;18,0;22,9;2,1;25,0;;;11,0;36,0;2,2;0,1;2,3;0,2;2,6;;;
2019-10-23;27;2;29;8,6;21,1;29,7;7,4;37,1;;;8,8;45,9;5,9;0,1;6,0;0,6;6,6;;;
2019-10-23;32;2;29;9,6;35,6;45,3;15,4;60,7;;;5,4;66,0;9,2;0,3;9,4;0,3;9,7;;;
2019-10-23;36;2;27;11,2;65,6;76,8;18,8;95,7;;;14,4;110,1;12,1;1,4;13,5;0,6;14,2;;;
2019-10-23;657;2;0;20,5;19,8;40,3;8,3;48,5;;;1,7;50,3;2,2;0,6;2,8;-0,1;2,7;;;
2019-11-13;6;2;11;9,1;24,4;33,5;5,1;38,6;;;3,6;42,2;2,5;0,0;2,5;0,5;2,9;;;
2019-11-13;13;2;26;9,1;19,8;28,9;3,2;32,1;;;7,4;39,5;2,7;0,0;2,7;0,4;3,1;;;
2019-11-13;18;2;32;7,0;13,6;20,6;1,6;22,1;;;11,2;33,3;1,9;0,0;1,9;0,4;2,3;;;
2019-11-13;27;2;29;12,8;25,6;38,3;6,6;45,0;;;8,6;53,5;6,2;-0,1;6,1;0,6;6,7;;;
2019-11-13;32;2;28;14,9;63,3;78,2;14,6;92,8;;;7,4;100,2;10,6;0,4;11,0;0,8;11,8;;;
2019-11-13;34;2;27;16,3;87,8;104,1;21,6;125,7;;;11,0;136,6;12,1;0,5;12,7;0,9;13,6;;;
2019-11-13;657;2;0;12,2;28,0;40,2;7,2;47,4;;;1,5;48,9;2,0;0,4;2,5;0,1;2,6;;;
2019-12-05;18;2;29;14,0;15,3;29,3;3,6;32,8;;;5,6;38,5;2,5;0,3;2,8;0,2;2,9;;;
2019-12-05;27;2;29;17,3;33,6;50,9;6,2;57,1;;;6,4;63,5;6,2;0,1;6,3;0,4;6,7;;;
2019-12-05;32;2;28;23,6;48,7;72,3;9,1;81,4;;;4,4;85,8;7,0;0,9;7,9;-0,5;7,4;;;
2019-12-05;36;2;27;23,5;68,7;92,2;12,1;104,2;;;7,4;111,6;7,8;0,2;8,0;0,9;8,9;;;
2019-12-19;6;2;5;19,8;33,7;53,5;9,2;62,8;;;3,0;65,8;2,1;0,6;2,7;0,2;2,9;;;
2019-12-19;13;2;22;13,7;26,2;39,9;2,2;42,1;;;3,2;45,3;2,6;0,0;2,6;0,2;2,9;;;
2019-12-19;18;2;29;12,4;19,3;31,6;1,9;33,6;;;3,0;36,6;2,5;-0,1;2,4;0,1;2,5;;;
2019-12-19;27;2;29;20,6;38,2;58,8;4,8;63,5;;;5,2;68,8;6,2;0,1;6,3;0,0;6,4;;;
2019-12-19;32;2;28;20,1;45,8;65,9;9,8;75,7;;;7,7;83,4;6,6;0,5;7,0;0,5;7,6;;;
2019-12-19;36;2;27;19,6;63,2;82,8;7,9;90,7;;;14,7;105,4;7,5;0,2;7,7;1,9;9,6;;;
2019-12-19;657;2;0;15,9;41,6;57,5;16,1;73,5;;;3,7;77,2;2,7;0,3;3,0;0,5;3,5;;;
2020-01-13;6;2;7;15,1;37,3;52,4;11,9;64,3;;;2,2;66,5;2,3;0,3;2,6;0,1;2,7;;;
2020-01-13;13;2;24;10,2;27,5;37,7;1,6;39,3;;;4,7;44,0;2,5;-0,1;2,5;0,2;2,7;;;
2020-01-13;18;2;29;8,4;19,6;28,0;2,0;30,0;;;5,2;35,2;2,1;0,1;2,2;-0,1;2,2;;;
2020-01-13;27;2;28;19,3;39,3;58,7;7,0;65,7;;;6,2;71,9;5,3;0,1;5,4;0,1;5,5;;;
2020-01-13;32;2;26;18,5;73,5;92,0;13,6;105,7;;;23,1;128,8;7,5;0,6;8,1;3,7;11,8;;;
2020-01-13;34;2;25;20,6;110,7;131,2;15,1;146,4;;;31,1;177,5;8,5;1,9;10,3;4,1;14,4;;;
2020-01-13;657;2;0;14,2;26,3;40,6;9,7;50,3;;;1,9;52,2;2,1;0,5;2,6;-0,1;2,5;;;
2020-02-03;18;2;27;7,9;21,8;29,8;3,8;33,6;;;;33,6;2,1;0,1;2,2;0,0;2,2;;;
2020-02-03;27;2;28;17,2;44,6;61,8;5,4;67,1;;;6,0;73,1;5,0;0,1;5,1;0,1;5,2;;;
2020-02-03;32;2;27;13,4;59,8;73,2;8,2;81,4;;;10,9;92,3;6,2;0,3;6,5;0,6;7,0;;;
2020-02-03;36;2;26;11,5;84,2;95,7;7,1;102,8;;;17,6;120,4;7,2;0,6;7,8;1,5;9,3;;;
2020-02-12;6;2;4;11,8;34,8;46,5;10,5;57,0;;;8,5;65,5;2,1;1,0;3,1;0,5;3,6;;;
2020-02-12;13;2;22;8,8;25,7;34,5;4,8;39,3;;;4,7;44,0;2,5;0,1;2,6;0,6;3,3;;;
2020-02-12;18;2;30;5,3;21,9;27,2;0,6;27,8;;;4,0;31,8;2,1;0,1;2,2;0,3;2,5;;;
2020-02-12;27;2;28;17,1;52,0;69,0;5,9;75,0;;;6,5;81,5;5,7;-0,1;5,7;1,0;6,7;;;
2020-02-12;32;2;26;16,8;75,0;91,7;4,6;96,4;;;26,9;123,3;6,9;0,2;7,1;4,3;11,4;;;
2020-02-12;34;2;26;11,8;91,4;103,2;10,4;113,5;;;29,3;142,9;7,6;1,1;8,7;3,8;12,4;;;
2020-02-12;657;2;0;16,4;26,9;43,3;14,9;58,3;;;8,85;67,1;2,3;0,7;3,0;-0,2;2,9;;;
2020-03-03;18;2;27;5,71;21,70;27,42;5,43;32,84;;;2,93;35,77;1,92;0,11;2,03;0,55;2,58;;;
2020-03-03;27;2;28;13,49;45,55;59,04;9,50;68,54;;;3,57;72,11;4,71;0,45;5,17;0,39;5,55;;;
2020-03-03;32;2;27;5,57;55,40;60,97;16,28;77,25;;;9,78;87,03;6,01;0,26;6,26;1,39;7,65;;;
2020-03-03;36;2;26;3,14;77,61;80,75;21,49;102,24;;;22,28;124,51;6,97;1,16;8,14;1,36;9,49;;;
2020-07-13;18;2;31;5,21;11,57;16,78;5,35;22,13;;;13,92;36,05;2,20;0,22;2,42;0,65;3,07;;;
2020-07-13;27;2;31;9,14;16,99;26,13;13,85;39,98;;;5,85;45,84;5,88;1,61;7,49;-0,45;7,04;;;
2020-07-13;32;2;31;2,36;14,64;16,99;23,70;40,69;;;8,57;49,26;6,20;1,10;7,30;0,84;8,14;;;
2020-07-13;36;2;30;12,92;24,56;37,48;20,35;57,83;;;8,07;65,90;11,27;1,87;13,14;0,74;13,88;;;
2020-08-11;13;2;25;2,57;13,78;16,35;10,78;27,13;;;11,28;38,41;2,81;0,36;3,16;0,71;3,87;;;
2020-08-11;18;2;31;6,50;7,35;13,85;8,28;22,13;;;;;1,99;0,62;2,62;0,61;3,23;;;
2020-08-11;27;2;32;8,92;15,42;24,35;14,21;38,55;;;8,57;47,12;6,36;0,77;7,14;0,71;7,85;;;
2020-08-11;32;2;32;4,14;6,43;10,57;17,28;27,84;;;7,57;35,41;7,39;0,90;8,30;1,00;9,30;;;
2020-08-11;36;2;31;14,64;20,56;35,20;21,92;57,12;;;6,85;63,97;12,85;2,32;15,17;-1,32;13,85;;;
2020-09-10;13;2;26;5,78;12,99;18,78;10,49;29,27;;;21,99;51,26;2,95;0,34;3,29;0,01;3,30;;;
2020-09-10;18;2;31;9,07;10,57;19,63;7,50;27,13;;;10,78;37,91;2,47;0,17;2,65;0,23;2,87;;;
2020-09-10;27;2;32;8,57;18,28;26,84;16,71;43,55;;;9,57;53,12;8,33;0,45;8,78;-0,39;8,39;;;
2020-09-10;32;2;32;6,85;11,57;18,42;22,28;40,69;;;8,42;49,12;9,56;2,55;12,11;-1,55;10,56;;;
2020-09-10;36;2;31;16,99;32,41;49,40;29,06;78,46;;;7,35;85,82;14,21;1,97;16,17;0,10;16,27;;;
2020-10-09;13;2;27;2,36;14,78;17,13;9,28;26,42;;;16,35;42,77;2,87;0,23;3,10;0,00;3,10;;;
2020-10-09;18;2;31;4,71;14,42;19,13;7,28;26,42;;;16,85;43,27;2,50;0,18;2,68;0,19;2,87;;;
2020-10-09;27;2;32;1,29;34,34;35,63;18,63;54,26;;;;54,26;7,72;1,71;9,43;-0,90;8,52;;;
2020-10-09;32;2;32;2,28;24,27;26,56;26,27;52,83;;;;52,83;9,88;0,61;10,49;0,81;11,30;;;
2020-10-09;36;2;31;10,42;43,55;53,97;31,20;85,17;;;12,99;98,17;15,01;1,74;16,76;0,58;17,34;;;
2020-11-19;13;2;27;7,71;15,92;23,63;7,78;31,41;;;11,71;43,12;2,97;0,07;3,03;-0,06;2,97;;;
2020-11-19;18;2;32;8,78;13,85;22,63;7,35;29,99;;;10,00;39,98;2,51;0,17;2,68;0,16;2,84;;;
2020-11-19;27;2;32;2,28;35,34;37,62;15,21;52,83;;;;52,83;7,17;0,68;7,85;0,13;7,97;;;
2020-11-19;32;2;32;7,21;50,19;57,40;20,78;78,18;;;;78,18;9,85;1,61;11,46;1,03;12,49;;;
2020-11-19;36;2;31;13,28;71,25;84,53;29,13;113,66;;;11,71;125,37;11,91;0,48;12,40;-0,32;12,07;;;
2020-12-17;13;2;26;8,35;21,42;29,77;7,35;37,13;;;12,21;49,33;2,59;0,09;2,68;0,23;2,91;;;
2020-12-17;18;2;32;6,07;19,13;25,20;4,78;29,99;;;10,49;40,48;2,50;0,02;2,52;0,16;2,68;;;
2020-12-17;27;2;32;8,21;37,62;45,84;13,42;59,26;;;11,28;70,54;6,49;0,45;6,94;0,39;7,33;;;
2020-12-17;32;2;30;5,85;67,32;73,18;20,92;94,10;;;;94,10;9,04;0,74;9,78;2,20;11,98;;;
2020-12-17;36;2;28;8,64;91,88;100,52;30,20;130,72;;;28,27;159,00;10,59;0,68;11,27;3,10;14,37;;;
2021-01-29;13;2;29;7,14;23,20;30,34;9,64;39,98;;;8,57;48,55;2,28;0,07;2,36;1,13;3,49;;;
2021-01-29;18;2;32;2,86;18,92;21,78;6,07;27,84;;;5,35;33,20;1,96;-0,09;1,87;0,39;2,26;;;
2021-01-29;27;2;30;11,78;41,12;52,90;12,07;64,97;;;5,14;70,11;5,52;-0,13;5,39;0,39;5,78;;;
2021-01-29;32;2;27;11,14;79,53;90,67;20,70;111,38;;;10,78;122,16;7,52;-0,10;7,43;1,52;8,94;;;
2021-01-29;36;2;22;16,49;101,52;118,01;21,20;139,22;;;26,42;165,64;7,30;0,36;7,65;2,68;10,33;;;
2021-02-19;13;2;20;9,71;30,70;40,41;8,14;48,55;;;2,43;50,98;2,49;0,06;2,55;0,23;2,78;;;
2021-02-19;18;2;28;7,00;22,85;29,84;5,85;35,70;;;3,64;39,34;2,47;-0,08;2,39;0,03;2,42;;;
2021-02-19;27;2;30;10,00;42,55;52,55;13,14;65,68;;;13,28;78,96;5,33;-0,29;5,04;0,29;5,33;;;
2021-02-19;32;2;29;8,21;56,33;64,54;14,42;78,96;;;9,28;88,24;6,42;-0,45;5,97;1,26;7,23;;;
2021-02-19;36;2;28;6,00;62,54;68,54;16,28;84,82;;;9,78;94,60;6,59;0,10;6,68;1,00;7,68;;;
2021-02-25;13;2;28;7,85;23,70;31,56;;;;;2,71;2,71;2,27;0,02;2,29;0,23;2,52;;;
2021-02-25;18;2;32;1,71;20,70;22,42;3,28;25,70;;;6,35;32,06;1,93;0,00;1,94;0,36;2,29;;;
2021-02-25;27;2;30;10,57;40,55;51,12;8,14;59,26;;;5,64;64,90;4,94;-0,42;4,52;0,55;5,07;;;
2021-02-25;32;2;28;3,93;48,55;52,47;12,49;64,97;;;10,00;74,96;6,04;-0,52;5,52;1,52;7,04;;;
2021-02-25;36;2;25;1,50;86,32;87,82;21,13;108,95;;;24,49;133,44;8,04;0,06;8,10;-0,10;8,01;;;
2021-03-22;13;2;23;5,57;24,06;29,63;8,21;37,84;;;3,64;41,48;2,46;0,00;2,45;0,19;2,65;;;
2021-03-22;18;2;29;8,35;18,71;27,06;5,78;32,84;;;4,07;36,91;2,25;0,01;2,26;0,36;2,62;;;
2021-03-22;27;2;29;11,85;37,62;49,48;7,64;57,12;;;5,64;62,76;4,62;-0,23;4,39;0,32;4,71;;;
2021-03-22;32;2;28;2,64;35,70;38,34;12,35;50,69;;;16,63;67,32;5,07;-0,23;4,84;1,07;5,91;;;
2021-03-22;36;2;26;1,00;45,26;46,26;17,28;63,54;;;25,20;88,74;5,65;-0,10;5,55;4,68;10,23;;;
2021-04-20;13;2;25;4,07;23,20;27,27;7,71;34,98;;;3,43;38,41;2,47;0,21;2,68;0,03;2,71;;;
2021-04-20;18;2;30;7,64;19,42;27,06;6,50;33,56;;;8,35;41,91;2,33;0,13;2,45;0,06;2,52;;;
2021-04-20;27;2;30;8,71;26,63;35,34;8,92;44,26;;;11,28;55,54;4,10;-0,06;4,04;0,58;4,62;;;
2021-04-20;32;2;29;1,64;18,35;19,99;14,99;34,98;;;15,92;50,90;4,62;-0,19;4,42;1,55;5,97;;;
2021-04-20;36;2;28;2,64;19,21;21,85;18,13;39,98;;;24,70;64,68;5,62;-0,26;5,36;2,42;7,78;;;
2021-05-18;13;2;26;7,00;20,13;27,13;12,14;39,27;;;3,57;42,84;2,59;0,12;2,71;0,71;3,42;;;
2021-05-18;18;2;31;6,85;19,42;26,27;10,85;37,13;;;4,85;41,98;2,22;0,40;2,62;0,77;3,39;;;
2021-05-18;27;2;30;5,78;5,21;10,99;14,71;25,70;;;;;3,49;0,26;3,75;0,65;4,39;;;
2021-05-18;32;2;30;3,21;5,50;8,71;14,85;23,56;;;15,71;39,27;2,99;1,91;4,91;1,23;6,13;;;
2021-05-18;36;2;30;5,07;18,13;23,20;21,78;44,98;;;13,92;58,90;6,94;0,48;7,43;1,71;9,14;;;
2021-05-27;13;2;27;6,28;22,70;28,99;8,85;37,84;;;4,57;42,41;2,70;0,11;2,81;2,13;4,94;;;
2021-05-27;18;2;31;6,14;23,13;29,27;6,43;35,70;;;3,78;39,48;2,62;0,13;2,74;0,61;3,36;;;
2021-05-27;27;2;31;6,85;10,49;17,35;3,36;20,70;;;33,34;54,05;3,97;0,26;4,23;5,26;9,49;;;
2021-05-27;32;2;31;4,50;12,85;17,35;13,35;30,70;;;25,56;56,26;4,58;1,49;6,07;1,42;7,49;;;
2021-05-27;36;2;30;10,92;31,84;42,77;21,49;64,25;;;52,62;116,87;7,72;0,10;7,81;9,88;17,69;;;
2021-06-17;13;2;27;5,71;19,99;25,70;14,28;39,98;;;9,92;49,90;2,72;0,45;3,16;0,42;3,58;;;
2021-06-17;18;2;31;3,78;17,92;21,70;9,71;31,41;;;9,64;41,05;2,50;0,21;2,71;0,52;3,23;;;
2021-06-17;27;2;32;3,36;11,78;15,14;10,57;25,70;;;9,92;35,63;3,65;0,29;3,94;0,74;4,68;;;
2021-06-17;32;2;32;3,07;3,86;6,93;13,07;19,99;;;11,35;31,34;3,97;0,26;4,23;0,90;5,13;;;
2021-06-17;36;2;31;8,42;15,78;24,20;20,78;44,98;;;10,85;55,83;7,14;0,19;7,33;1,16;8,49;;;
2021-07-01;18;2;32;9,50;13,64;23,13;9,00;32,13;;;3,78;35,91;2,43;0,09;2,52;0,29;2,81;;;
2021-07-01;27;2;32;6,78;7,14;13,92;15,35;29,27;;;10,57;39,84;5,36;0,32;5,68;1,03;6,72;;;
2021-07-01;32;2;32;5,85;3,50;9,35;14,21;23,56;;;13,14;36,70;4,81;0,36;5,17;1,16;6,33;;;
2021-07-01;36;2;32;10,42;18,92;29,34;19,21;48,55;;;14,42;62,97;8,94;0,26;9,20;1,81;11,01;;;
2021-07-30;13;2;28;8,14;19,21;27,34;11,92;39,27;;;4,36;43,62;3,45;0,16;3,62;0,36;3,97;;;
2021-07-30;18;2;32;8,07;12,14;20,20;9,07;29,27;;;1,78;31,06;2,37;0,18;2,55;0,36;2,91;;;
2021-07-30;27;2;33;5,00;6,43;11,42;15,71;27,13;;;15,49;42,62;5,55;0,45;6,01;0,42;6,42;;;
2021-07-30;32;2;33;5,07;4,64;9,71;18,13;27,84;;;8,28;36,13;6,33;0,48;6,81;0,61;7,43;;;
2021-07-30;36;2;33;11,14;14,85;25,99;26,13;52,12;;;7,50;59,61;10,07;0,42;10,49;1,29;11,78;;;
2021-08-17;18;2;33;8,85;10,64;19,49;9,07;28,56;;;6,35;34,91;2,38;0,20;2,58;0,29;2,87;;;
2021-08-17;27;2;33;6,00;11,28;17,28;14,85;32,13;;;10,57;42,69;6,36;0,29;6,65;0,87;7,52;;;
2021-08-17;32;2;34;3,57;3,64;7,21;17,78;24,99;;;11,35;36,34;7,59;0,45;8,04;0,71;8,75;;;
2021-08-17;36;2;33;16,49;22,85;39,34;27,77;67,11;;;15,21;82,32;12,53;0,90;13,43;2,36;15,79;;;
2021-08-31;27;2;34;3,50;9,50;12,99;16,28;29,27;;;10,85;40,12;6,75;0,61;7,36;0,29;7,65;;;
2021-08-31;32;2;34;2,07;4,07;6,14;20,99;27,13;;;8,07;35,20;8,65;0,68;9,33;0,36;9,69;;;
2021-08-31;36;2;33;15,35;27,13;42,48;28,20;70,68;;;11,85;82,53;13,98;0,74;14,72;1,03;15,76;;;
;;;;;;;;;;;;;;;;;;;;
;;;;;;;;;;;;;;;;;;;;
;;;;;;;;;;;;;;;;;;;;
;;;;;;;;;;;;;;;;;;;;
;;;;;;;;;;;;;;;;;;;;
;;;;;;;;;;;;;;;;;;;;
;;;;;;;;;;;;;;;;;;;;
;;;;;;;;;;;;;;;;;;;;
;;;;;;;;;;;;;;;;;;;;
;;;;;;;;;;;;;;;;;;;;
;;;;;;;;;;;;;;;;;;;;
;;;;;;;;;;;;;;;;;;;;
;;;;;;;;;;;;;;;;;;;;
;;;;;;;;;;;;;;;;;;;;
;;;;;;;;;;;;;;;;;;;;
;;;;;;;;;;;;;;;;;;;;
;;;;;;;;;;;;;;;;;;;;
;;;;;;;;;;;;;;;;;;;;
;;;;;;;;;;;;;;;;;;;;
;;;;;;;;;;;;;;;;;;;;
;;;;;;;;;;;;;;;;;;;;
;;;;;;;;;;;;;;;;;;;;
;;;;;;;;;;;;;;;;;;;;
;;;;;;;;;;;;;;;;;;;;
;;;;;;;;;;;;;;;;;;;;
;;;;;;;;;;;;;;;;;;;;
;;;;;;;;;;;;;;;;;;;;
;;;;;;;;;;;;;;;;;;;;
;;;;;;;;;;;;;;;;;;;;
;;;;;;;;;;;;;;;;;;;;
;;;;;;;;;;;;;;;;;;;;
;;;;;;;;;;;;;;;;;;;;
;;;;;;;;;;;;;;;;;;;;
;;;;;;;;;;;;;;;;;;;;
;;;;;;;;;;;;;;;;;;;;
;;;;;;;;;;;;;;;;;;;;
;;;;;;;;;;;;;;;;;;;;
;;;;;;;;;;;;;;;;;;;;
;;;;;;;;;;;;;;;;;;;;
;;;;;;;;;;;;;;;;;;;;
;;;;;;;;;;;;;;;;;;;;
;;;;;;;;;;;;;;;;;;;;
;;;;;;;;;;;;;;;;;;;;
;;;;;;;;;;;;;;;;;;;;
;;;;;;;;;;;;;;;;;;;;
;;;;;;;;;;;;;;;;;;;;
;;;;;;;;;;;;;;;;;;;;
;;;;;;;;;;;;;;;;;;;;
;;;;;;;;;;;;;;;;;;;;
;;;;;;;;;;;;;;;;;;;;
;;;;;;;;;;;;;;;;;;;;
;;;;;;;;;;;;;;;;;;;;
;;;;;;;;;;;;;;;;;;;;
;;;;;;;;;;;;;;;;;;;;
;;;;;;;;;;;;;;;;;;;;
;;;;;;;;;;;;;;;;;;;;
;;;;;;;;;;;;;;;;;;;;
;;;;;;;;;;;;;;;;;;;;
;;;;;;;;;;;;;;;;;;;;
;;;;;;;;;;;;;;;;;;;;
;;;;;;;;;;;;;;;;;;;;
;;;;;;;;;;;;;;;;;;;;
;;;;;;;;;;;;;;;;;;;;
;;;;;;;;;;;;;;;;;;;;
;;;;;;;;;;;;;;;;;;;;
;;;;;;;;;;;;;;;;;;;;
;;;;;;;;;;;;;;;;;;;;
;;;;;;;;;;;;;;;;;;;;
;;;;;;;;;;;;;;;;;;;;
;;;;;;;;;;;;;;;;;;;;
;;;;;;;;;;;;;;;;;;;;
;;;;;;;;;;;;;;;;;;;;
;;;;;;;;;;;;;;;;;;;;
;;;;;;;;;;;;;;;;;;;;
;;;;;;;;;;;;;;;;;;;;
;;;;;;;;;;;;;;;;;;;;
;;;;;;;;;;;;;;;;;;;;
;;;;;;;;;;;;;;;;;;;;
;;;;;;;;;;;;;;;;;;;;
;;;;;;;;;;;;;;;;;;;;
;;;;;;;;;;;;;;;;;;;;
;;;;;;;;;;;;;;;;;;;;
;;;;;;;;;;;;;;;;;;;;
;;;;;;;;;;;;;;;;;;;;
;;;;;;;;;;;;;;;;;;;;
;;;;;;;;;;;;;;;;;;;;
;;;;;;;;;;;;;;;;;;;;
;;;;;;;;;;;;;;;;;;;;
;;;;;;;;;;;;;;;;;;;;
;;;;;;;;;;;;;;;;;;;;
;;;;;;;;;;;;;;;;;;;;
;;;;;;;;;;;;;;;;;;;;
;;;;;;;;;;;;;;;;;;;;
;;;;;;;;;;;;;;;;;;;;
;;;;;;;;;;;;;;;;;;;;
;;;;;;;;;;;;;;;;;;;;
;;;;;;;;;;;;;;;;;;;;
;;;;;;;;;;;;;;;;;;;;
;;;;;;;;;;;;;;;;;;;;
;;;;;;;;;;;;;;;;;;;;
;;;;;;;;;;;;;;;;;;;;
;;;;;;;;;;;;;;;;;;;;
;;;;;;;;;;;;;;;;;;;;
;;;;;;;;;;;;;;;;;;;;
;;;;;;;;;;;;;;;;;;;;
;;;;;;;;;;;;;;;;;;;;
;;;;;;;;;;;;;;;;;;;;
;;;;;;;;;;;;;;;;;;;;
;;;;;;;;;;;;;;;;;;;;
;;;;;;;;;;;;;;;;;;;;
;;;;;;;;;;;;;;;;;;;;
;;;;;;;;;;;;;;;;;;;;
;;;;;;;;;;;;;;;;;;;;
;;;;;;;;;;;;;;;;;;;;
;;;;;;;;;;;;;;;;;;;;
;;;;;;;;;;;;;;;;;;;;
;;;;;;;;;;;;;;;;;;;;
;;;;;;;;;;;;;;;;;;;;
;;;;;;;;;;;;;;;;;;;;
;;;;;;;;;;;;;;;;;;;;
;;;;;;;;;;;;;;;;;;;;
;;;;;;;;;;;;;;;;;;;;
;;;;;;;;;;;;;;;;;;;;
;;;;;;;;;;;;;;;;;;;;
;;;;;;;;;;;;;;;;;;;;
;;;;;;;;;;;;;;;;;;;;
;;;;;;;;;;;;;;;;;;;;
;;;;;;;;;;;;;;;;;;;;
;;;;;;;;;;;;;;;;;;;;
;;;;;;;;;;;;;;;;;;;;
;;;;;;;;;;;;;;;;;;;;
;;;;;;;;;;;;;;;;;;;;
;;;;;;;;;;;;;;;;;;;;
;;;;;;;;;;;;;;;;;;;;
;;;;;;;;;;;;;;;;;;;;
;;;;;;;;;;;;;;;;;;;;
;;;;;;;;;;;;;;;;;;;;
;;;;;;;;;;;;;;;;;;;;
;;;;;;;;;;;;;;;;;;;;
;;;;;;;;;;;;;;;;;;;;
;;;;;;;;;;;;;;;;;;;;
;;;;;;;;;;;;;;;;;;;;
;;;;;;;;;;;;;;;;;;;;
;;;;;;;;;;;;;;;;;;;;
;;;;;;;;;;;;;;;;;;;;
;;;;;;;;;;;;;;;;;;;;
;;;;;;;;;;;;;;;;;;;;
;;;;;;;;;;;;;;;;;;;;
;;;;;;;;;;;;;;;;;;;;
;;;;;;;;;;;;;;;;;;;;
;;;;;;;;;;;;;;;;;;;;
;;;;;;;;;;;;;;;;;;;;
;;;;;;;;;;;;;;;;;;;;
;;;;;;;;;;;;;;;;;;;;
;;;;;;;;;;;;;;;;;;;;
;;;;;;;;;;;;;;;;;;;;
;;;;;;;;;;;;;;;;;;;;
;;;;;;;;;;;;;;;;;;;;
;;;;;;;;;;;;;;;;;;;;
;;;;;;;;;;;;;;;;;;;;
;;;;;;;;;;;;;;;;;;;;
;;;;;;;;;;;;;;;;;;;;
;;;;;;;;;;;;;;;;;;;;
;;;;;;;;;;;;;;;;;;;;
;;;;;;;;;;;;;;;;;;;;
;;;;;;;;;;;;;;;;;;;;
;;;;;;;;;;;;;;;;;;;;
;;;;;;;;;;;;;;;;;;;;
;;;;;;;;;;;;;;;;;;;;
;;;;;;;;;;;;;;;;;;;;
;;;;;;;;;;;;;;;;;;;;
;;;;;;;;;;;;;;;;;;;;
;;;;;;;;;;;;;;;;;;;;
;;;;;;;;;;;;;;;;;;;;
;;;;;;;;;;;;;;;;;;;;
;;;;;;;;;;;;;;;;;;;;
;;;;;;;;;;;;;;;;;;;;
;;;;;;;;;;;;;;;;;;;;
;;;;;;;;;;;;;;;;;;;;
;;;;;;;;;;;;;;;;;;;;
;;;;;;;;;;;;;;;;;;;;
;;;;;;;;;;;;;;;;;;;;
;;;;;;;;;;;;;;;;;;;;
;;;;;;;;;;;;;;;;;;;;
;;;;;;;;;;;;;;;;;;;;
;;;;;;;;;;;;;;;;;;;;
;;;;;;;;;;;;;;;;;;;;
;;;;;;;;;;;;;;;;;;;;
;;;;;;;;;;;;;;;;;;;;
;;;;;;;;;;;;;;;;;;;;
;;;;;;;;;;;;;;;;;;;;
;;;;;;;;;;;;;;;;;;;;
;;;;;;;;;;;;;;;;;;;;
;;;;;;;;;;;;;;;;;;;;
;;;;;;;;;;;;;;;;;;;;
;;;;;;;;;;;;;;;;;;;;
;;;;;;;;;;;;;;;;;;;;
;;;;;;;;;;;;;;;;;;;;
;;;;;;;;;;;;;;;;;;;;
;;;;;;;;;;;;;;;;;;;;
;;;;;;;;;;;;;;;;;;;;
;;;;;;;;;;;;;;;;;;;;
;;;;;;;;;;;;;;;;;;;;
;;;;;;;;;;;;;;;;;;;;
;;;;;;;;;;;;;;;;;;;;
;;;;;;;;;;;;;;;;;;;;
;;;;;;;;;;;;;;;;;;;;
;;;;;;;;;;;;;;;;;;;;
;;;;;;;;;;;;;;;;;;;;
;;;;;;;;;;;;;;;;;;;;
;;;;;;;;;;;;;;;;;;;;
;;;;;;;;;;;;;;;;;;;;
;;;;;;;;;;;;;;;;;;;;
;;;;;;;;;;;;;;;;;;;;
;;;;;;;;;;;;;;;;;;;;
;;;;;;;;;;;;;;;;;;;;
;;;;;;;;;;;;;;;;;;;;
;;;;;;;;;;;;;;;;;;;;
;;;;;;;;;;;;;;;;;;;;
;;;;;;;;;;;;;;;;;;;;
;;;;;;;;;;;;;;;;;;;;
;;;;;;;;;;;;;;;;;;;;
;;;;;;;;;;;;;;;;;;;;
;;;;;;;;;;;;;;;;;;;;
;;;;;;;;;;;;;;;;;;;;
;;;;;;;;;;;;;;;;;;;;
;;;;;;;;;;;;;;;;;;;;
;;;;;;;;;;;;;;;;;;;;
;;;;;;;;;;;;;;;;;;;;
;;;;;;;;;;;;;;;;;;;;
;;;;;;;;;;;;;;;;;;;;
;;;;;;;;;;;;;;;;;;;;
;;;;;;;;;;;;;;;;;;;;
;;;;;;;;;;;;;;;;;;;;
;;;;;;;;;;;;;;;;;;;;
;;;;;;;;;;;;;;;;;;;;
;;;;;;;;;;;;;;;;;;;;
;;;;;;;;;;;;;;;;;;;;
;;;;;;;;;;;;;;;;;;;;
;;;;;;;;;;;;;;;;;;;;
;;;;;;;;;;;;;;;;;;;;
;;;;;;;;;;;;;;;;;;;;
;;;;;;;;;;;;;;;;;;;;
;;;;;;;;;;;;;;;;;;;;
;;;;;;;;;;;;;;;;;;;;
;;;;;;;;;;;;;;;;;;;;
;;;;;;;;;;;;;;;;;;;;
;;;;;;;;;;;;;;;;;;;;
;;;;;;;;;;;;;;;;;;;;
;;;;;;;;;;;;;;;;;;;;
;;;;;;;;;;;;;;;;;;;;
;;;;;;;;;;;;;;;;;;;;
;;;;;;;;;;;;;;;;;;;;
;;;;;;;;;;;;;;;;;;;;
;;;;;;;;;;;;;;;;;;;;
;;;;;;;;;;;;;;;;;;;;
;;;;;;;;;;;;;;;;;;;;
;;;;;;;;;;;;;;;;;;;;
;;;;;;;;;;;;;;;;;;;;
;;;;;;;;;;;;;;;;;;;;
;;;;;;;;;;;;;;;;;;;;
;;;;;;;;;;;;;;;;;;;;
;;;;;;;;;;;;;;;;;;;;
;;;;;;;;;;;;;;;;;;;;
;;;;;;;;;;;;;;;;;;;;
;;;;;;;;;;;;;;;;;;;;
;;;;;;;;;;;;;;;;;;;;
;;;;;;;;;;;;;;;;;;;;
;;;;;;;;;;;;;;;;;;;;
;;;;;;;;;;;;;;;;;;;;
;;;;;;;;;;;;;;;;;;;;
;;;;;;;;;;;;;;;;;;;;
;;;;;;;;;;;;;;;;;;;;
;;;;;;;;;;;;;;;;;;;;
;;;;;;;;;;;;;;;;;;;;
;;;;;;;;;;;;;;;;;;;;
;;;;;;;;;;;;;;;;;;;;
;;;;;;;;;;;;;;;;;;;;
;;;;;;;;;;;;;;;;;;;;
;;;;;;;;;;;;;;;;;;;;
;;;;;;;;;;;;;;;;;;;;
;;;;;;;;;;;;;;;;;;;;
;;;;;;;;;;;;;;;;;;;;
;;;;;;;;;;;;;;;;;;;;
;;;;;;;;;;;;;;;;;;;;
;;;;;;;;;;;;;;;;;;;;